Workbook

Sheet ميزان المراجعه
C4: كود الحساب | D4: اسم الحساب | E4: طبيعه الحساب | F4: القائمه | G4: المستوي | H4: نوع الحساب | I4: رصيد اول المده | K4: حركه الفتره | M4: رصيد اخر المده | P4: التبويب بالقائمه | Q4: التبويب الرئيسي
I5: مدين | J5: دائن | K5: مدين | L5: دائن | M5: مدين | N5: دائن | O5: الصافي
C6: 1 | D6: الاصول | E6: مدين | F6: المركز المالي | G6: 1 | H6: رئيسي
C7: 11 | D7: اصول غير متداوله | E7: مدين | F7: المركز المالي | G7: 2 | H7: رئيسي
C8: 111 | D8: الاصول الثابته | E8: مدين | F8: المركز المالي | G8: 3 | H8: رئيسي
C9: 111000 | D9: الاراضي | E9: مدين | F9: المركز المالي | G9: 4 | H9: فرعي | K9: =SUMIF('قيود اليوميه'!G:G,'ميزان المراجعه'!C9,'قيود اليوميه'!D:D) -> 0 | M9: =IF(I9-J9+K9-L9>0,I9-J9+K9-L9,"") | N9: =IF(J9-I9+L9-K9>0,J9-I9+L9-K9,"") | O9: =IFERROR(IF(N9<>"",N9,M9*-1),"") | P9: الاصول الثابته | Q9: اصول غير متداوله
C10: 111001 | D10: المباني | E10: مدين | F10: المركز المالي | G10: 4 | H10: فرعي | K10: =SUMIF('قيود اليوميه'!G:G,'ميزان المراجعه'!C10,'قيود اليوميه'!D:D) -> 0 | L10: =SUMIF('قيود اليوميه'!G:G,'ميزان المراجعه'!C10,'قيود اليوميه'!E:E) -> 0 | M10: =IF(I10-J10+K10-L10>0,I10-J10+K10-L10,"") | N10: =IF(J10-I10+L10-K10>0,J10-I10+L10-K10,"") | O10: =IFERROR(IF(N10<>"",N10,M10*-1),"") | P10: الاصول الثابته | Q10: اصول غير متداوله
C11: 111002 | D11: الاثاث والمعدات | E11: مدين | F11: المركز المالي | G11: 4 | H11: فرعي | K11: =SUMIF('قيود اليوميه'!G:G,'ميزان المراجعه'!C11,'قيود اليوميه'!D:D) -> 75000 | L11: =SUMIF('قيود اليوميه'!G:G,'ميزان المراجعه'!C11,'قيود اليوميه'!E:E) -> 0 | M11: =IF(I11-J11+K11-L11>0,I11-J11+K11-L11,"") -> 75000 | N11: =IF(J11-I11+L11-K11>0,J11-I11+L11-K11,"") | O11: =IFERROR(IF(N11<>"",N11,M11*-1),"") -> -75000 | P11: الاصول الثابته | Q11: اصول غير متداوله
C12: 111003 | D12: السيارات | E12: مدين | F12: المركز المالي | G12: 4 | H12: فرعي | K12: =SUMIF('قيود اليوميه'!G:G,'ميزان المراجعه'!C12,'قيود اليوميه'!D:D) -> 100000 | L12: =SUMIF('قيود اليوميه'!G:G,'ميزان المراجعه'!C12,'قيود اليوميه'!E:E) -> 0 | M12: =IF(I12-J12+K12-L12>0,I12-J12+K12-L12,"") -> 100000 | N12: =IF(J12-I12+L12-K12>0,J12-I12+L12-K12,"") | O12: =IFERROR(IF(N12<>"",N12,M12*-1),"") -> -100000 | P12: الاصول الثابته | Q12: اصول غير متداوله
C13: 111004 | D13: اجهزه الحاسب | E13: مدين | F13: المركز المالي | G13: 4 | H13: فرعي | K13: =SUMIF('قيود اليوميه'!G:G,'ميزان المراجعه'!C13,'قيود اليوميه'!D:D) -> 50000 | L13: =SUMIF('قيود اليوميه'!G:G,'ميزان المراجعه'!C13,'قيود اليوميه'!E:E) -> 0 | M13: =IF(I13-J13+K13-L13>0,I13-J13+K13-L13,"") -> 50000 | N13: =IF(J13-I13+L13-K13>0,J13-I13+L13-K13,"") | O13: =IFERROR(IF(N13<>"",N13,M13*-1),"") -> -50000 | P13: الاصول الثابته | Q13: اصول غير متداوله
C14: 111005 | D14: مجمع الاهلاك | E14: دائن | F14: المركز المالي | G14: 4 | H14: فرعي | K14: =SUMIF('قيود اليوميه'!G:G,'ميزان المراجعه'!C14,'قيود اليوميه'!D:D) -> 0 | L14: =SUMIF('قيود اليوميه'!G:G,'ميزان المراجعه'!C14,'قيود اليوميه'!E:E) -> 16250 | M14: =IF(I14-J14+K14-L14>0,I14-J14+K14-L14,"") | N14: =IF(J14-I14+L14-K14>0,J14-I14+L14-K14,"") -> 16250 | O14: =IFERROR(IF(N14<>"",N14,M14*-1),"") -> 16250 | P14: الاصول الثابته | Q14: اصول غير متداوله
C15: 112 | D15: الاستثمارات طويله الاجل | E15: مدين | F15: المركز المالي | G15: 3 | H15: رئيسي
C16: 112000 | D16: استثمارات في شركات شقيقه | E16: مدين | F16: المركز المالي | G16: 4 | H16: فرعي | K16: =SUMIF('قيود اليوميه'!G:G,'ميزان المراجعه'!C16,'قيود اليوميه'!D:D) -> 0 | L16: =SUMIF('قيود اليوميه'!G:G,'ميزان المراجعه'!C16,'قيود اليوميه'!E:E) -> 0 | M16: =IF(I16-J16+K16-L16>0,I16-J16+K16-L16,"") | N16: =IF(J16-I16+L16-K16>0,J16-I16+L16-K16,"") | O16: =IFERROR(IF(N16<>"",N16,M16*-1),"") | P16: الاستثمارات طويله الاجل | Q16: اصول غير متداوله
C17: 112001 | D17: سندات طويله الاجل | E17: مدين | F17: المركز المالي | G17: 4 | H17: فرعي | K17: =SUMIF('قيود اليوميه'!G:G,'ميزان المراجعه'!C17,'قيود اليوميه'!D:D) -> 0 | L17: =SUMIF('قيود اليوميه'!G:G,'ميزان المراجعه'!C17,'قيود اليوميه'!E:E) -> 0 | M17: =IF(I17-J17+K17-L17>0,I17-J17+K17-L17,"") | N17: =IF(J17-I17+L17-K17>0,J17-I17+L17-K17,"") | O17: =IFERROR(IF(N17<>"",N17,M17*-1),"") | P17: الاستثمارات طويله الاجل | Q17: اصول غير متداوله
C18: 113 | D18: الودائع والتامينات طويله الاجل | E18: مدين | F18: المركز المالي | G18: 3 | H18: رئيسي
C19: 113000 | D19: ودائع وتأمينات طويله الاجل | E19: مدين | F19: المركز المالي | G19: 4 | H19: فرعي | K19: =SUMIF('قيود اليوميه'!G:G,'ميزان المراجعه'!C19,'قيود اليوميه'!D:D) -> 0 | L19: =SUMIF('قيود اليوميه'!G:G,'ميزان المراجعه'!C19,'قيود اليوميه'!E:E) -> 0 | M19: =IF(I19-J19+K19-L19>0,I19-J19+K19-L19,"") | N19: =IF(J19-I19+L19-K19>0,J19-I19+L19-K19,"") | O19: =IFERROR(IF(N19<>"",N19,M19*-1),"") | P19: الودائع والتامينات طويله الاجل | Q19: اصول غير متداوله
C20: 12 | D20: اصول متداوله | E20: مدين | F20: المركز المالي | G20: 2 | H20: رئيسي
C21: 121 | D21: النقديه وما في حكمها | E21: مدين | F21: المركز المالي | G21: 3 | H21: رئيسي
C22: 121000 | D22: الصندوق الرئيسي | E22: مدين | F22: المركز المالي | G22: 4 | H22: فرعي | K22: =SUMIF('قيود اليوميه'!G:G,'ميزان المراجعه'!C22,'قيود اليوميه'!D:D) -> 0 | L22: =SUMIF('قيود اليوميه'!G:G,'ميزان المراجعه'!C22,'قيود اليوميه'!E:E) -> 0 | M22: =IF(I22-J22+K22-L22>0,I22-J22+K22-L22,"") | N22: =IF(J22-I22+L22-K22>0,J22-I22+L22-K22,"") | O22: =IFERROR(IF(N22<>"",N22,M22*-1),"") | P22: النقديه زما في حكمها | Q22: اصول متداوله
C23: 121001 | D23: الصندوق الفرعي | E23: مدين | F23: المركز المالي | G23: 4 | H23: فرعي | K23: =SUMIF('قيود اليوميه'!G:G,'ميزان المراجعه'!C23,'قيود اليوميه'!D:D) -> 0 | L23: =SUMIF('قيود اليوميه'!G:G,'ميزان المراجعه'!C23,'قيود اليوميه'!E:E) -> 0 | M23: =IF(I23-J23+K23-L23>0,I23-J23+K23-L23,"") | N23: =IF(J23-I23+L23-K23>0,J23-I23+L23-K23,"") | O23: =IFERROR(IF(N23<>"",N23,M23*-1),"") | P23: النقديه زما في حكمها | Q23: اصول متداوله
C24: 121002 | D24: حساب البنك الاهلي | E24: مدين | F24: المركز المالي | G24: 4 | H24: فرعي | K24: =SUMIF('قيود اليوميه'!G:G,'ميزان المراجعه'!C24,'قيود اليوميه'!D:D) -> 851000 | L24: =SUMIF('قيود اليوميه'!G:G,'ميزان المراجعه'!C24,'قيود اليوميه'!E:E) -> 423200 | M24: =IF(I24-J24+K24-L24>0,I24-J24+K24-L24,"") -> 427800 | N24: =IF(J24-I24+L24-K24>0,J24-I24+L24-K24,"") | O24: =IFERROR(IF(N24<>"",N24,M24*-1),"") -> -427800 | P24: النقديه زما في حكمها | Q24: اصول متداوله
C25: 121003 | D25: حساب بنك مصر | E25: مدين | F25: المركز المالي | G25: 4 | H25: فرعي | K25: =SUMIF('قيود اليوميه'!G:G,'ميزان المراجعه'!C25,'قيود اليوميه'!D:D) -> 400000 | L25: =SUMIF('قيود اليوميه'!G:G,'ميزان المراجعه'!C25,'قيود اليوميه'!E:E) -> 11250 | M25: =IF(I25-J25+K25-L25>0,I25-J25+K25-L25,"") -> 388750 | N25: =IF(J25-I25+L25-K25>0,J25-I25+L25-K25,"") | O25: =IFERROR(IF(N25<>"",N25,M25*-1),"") -> -388750 | P25: النقديه زما في حكمها | Q25: اصول متداوله
C26: 121004 | D26: حساب بنك الCIB | E26: مدين | F26: المركز المالي | G26: 4 | H26: فرعي | K26: =SUMIF('قيود اليوميه'!G:G,'ميزان المراجعه'!C26,'قيود اليوميه'!D:D) -> 800000 | L26: =SUMIF('قيود اليوميه'!G:G,'ميزان المراجعه'!C26,'قيود اليوميه'!E:E) -> 95700 | M26: =IF(I26-J26+K26-L26>0,I26-J26+K26-L26,"") -> 704300 | N26: =IF(J26-I26+L26-K26>0,J26-I26+L26-K26,"") | O26: =IFERROR(IF(N26<>"",N26,M26*-1),"") -> -704300 | P26: النقديه زما في حكمها | Q26: اصول متداوله
C27: 121005 | D27: شيكات تحت التحصيل | E27: مدين | F27: المركز المالي | G27: 4 | H27: فرعي | K27: =SUMIF('قيود اليوميه'!G:G,'ميزان المراجعه'!C27,'قيود اليوميه'!D:D) -> 0 | L27: =SUMIF('قيود اليوميه'!G:G,'ميزان المراجعه'!C27,'قيود اليوميه'!E:E) -> 0 | M27: =IF(I27-J27+K27-L27>0,I27-J27+K27-L27,"") | N27: =IF(J27-I27+L27-K27>0,J27-I27+L27-K27,"") | O27: =IFERROR(IF(N27<>"",N27,M27*-1),"") | P27: النقديه زما في حكمها | Q27: اصول متداوله
C28: 122 | D28: العملاء والمدينون | E28: مدين | F28: المركز المالي | G28: 3 | H28: رئيسي
C29: 122000 | D29: العملاء المحليون | E29: مدين | F29: المركز المالي | G29: 4 | H29: فرعي | K29: =SUMIF('قيود اليوميه'!G:G,'ميزان المراجعه'!C29,'قيود اليوميه'!D:D) -> 330000 | L29: =SUMIF('قيود اليوميه'!G:G,'ميزان المراجعه'!C29,'قيود اليوميه'!E:E) -> 50000 | M29: =IF(I29-J29+K29-L29>0,I29-J29+K29-L29,"") -> 280000 | N29: =IF(J29-I29+L29-K29>0,J29-I29+L29-K29,"") | O29: =IFERROR(IF(N29<>"",N29,M29*-1),"") -> -280000 | P29: العملاء والمدينون | Q29: اصول متداوله
C30: 122001 | D30: العملاء الخارجيون | E30: مدين | F30: المركز المالي | G30: 4 | H30: فرعي | K30: =SUMIF('قيود اليوميه'!G:G,'ميزان المراجعه'!C30,'قيود اليوميه'!D:D) -> 0 | L30: =SUMIF('قيود اليوميه'!G:G,'ميزان المراجعه'!C30,'قيود اليوميه'!E:E) -> 0 | M30: =IF(I30-J30+K30-L30>0,I30-J30+K30-L30,"") | N30: =IF(J30-I30+L30-K30>0,J30-I30+L30-K30,"") | O30: =IFERROR(IF(N30<>"",N30,M30*-1),"") | P30: العملاء والمدينون | Q30: اصول متداوله
C31: 123 | D31: المخزون | E31: مدين | F31: المركز المالي | G31: 3 | H31: رئيسي
C32: 123000 | D32: مخزون بضاعه تامه | E32: مدين | F32: المركز المالي | G32: 4 | H32: فرعي | K32: =SUMIF('قيود اليوميه'!G:G,'ميزان المراجعه'!C32,'قيود اليوميه'!D:D) -> 0 | L32: =SUMIF('قيود اليوميه'!G:G,'ميزان المراجعه'!C32,'قيود اليوميه'!E:E) -> 0 | M32: =IF(I32-J32+K32-L32>0,I32-J32+K32-L32,"") | N32: =IF(J32-I32+L32-K32>0,J32-I32+L32-K32,"") | O32: =IFERROR(IF(N32<>"",N32,M32*-1),"") | P32: المخزون | Q32: اصول متداوله
C33: 123001 | D33: مخزون تحت الفحص | E33: مدين | F33: المركز المالي | G33: 4 | H33: فرعي | K33: =SUMIF('قيود اليوميه'!G:G,'ميزان المراجعه'!C33,'قيود اليوميه'!D:D) -> 0 | L33: =SUMIF('قيود اليوميه'!G:G,'ميزان المراجعه'!C33,'قيود اليوميه'!E:E) -> 0 | M33: =IF(I33-J33+K33-L33>0,I33-J33+K33-L33,"") | N33: =IF(J33-I33+L33-K33>0,J33-I33+L33-K33,"") | O33: =IFERROR(IF(N33<>"",N33,M33*-1),"") | P33: المخزون | Q33: اصول متداوله
C34: 124 | D34: المصروفات المقدم | E34: مدين | F34: المركز المالي | G34: 3 | H34: رئيسي
C35: 124000 | D35: ايجار مقدم | E35: مدين | F35: المركز المالي | G35: 4 | H35: فرعي | K35: =SUMIF('قيود اليوميه'!G:G,'ميزان المراجعه'!C35,'قيود اليوميه'!D:D) -> 146250 | L35: =SUMIF('قيود اليوميه'!G:G,'ميزان المراجعه'!C35,'قيود اليوميه'!E:E) -> 11250 | M35: =IF(I35-J35+K35-L35>0,I35-J35+K35-L35,"") -> 135000 | N35: =IF(J35-I35+L35-K35>0,J35-I35+L35-K35,"") | O35: =IFERROR(IF(N35<>"",N35,M35*-1),"") -> -135000 | P35: المخزون | Q35: اصول متداوله
C36: 124001 | D36: تأمينات مقدمه | E36: مدين | F36: المركز المالي | G36: 4 | H36: فرعي | K36: =SUMIF('قيود اليوميه'!G:G,'ميزان المراجعه'!C36,'قيود اليوميه'!D:D) -> 0 | L36: =SUMIF('قيود اليوميه'!G:G,'ميزان المراجعه'!C36,'قيود اليوميه'!E:E) -> 0 | M36: =IF(I36-J36+K36-L36>0,I36-J36+K36-L36,"") | N36: =IF(J36-I36+L36-K36>0,J36-I36+L36-K36,"") | O36: =IFERROR(IF(N36<>"",N36,M36*-1),"") | P36: المخزون | Q36: اصول متداوله
C37: 125 | D37: ارصده مدينه اخري | E37: مدين | F37: المركز المالي | G37: 3 | H37: رئيسي
C38: 125000 | D38: ضريبه القيمه المضافه للمدخلات | E38: مدين | F38: المركز المالي | G38: 4 | H38: فرعي | K38: =SUMIF('قيود اليوميه'!G:G,'ميزان المراجعه'!C38,'قيود اليوميه'!D:D) -> 15000 | L38: =SUMIF('قيود اليوميه'!G:G,'ميزان المراجعه'!C38,'قيود اليوميه'!E:E) -> 15000 | M38: =IF(I38-J38+K38-L38>0,I38-J38+K38-L38,"") | N38: =IF(J38-I38+L38-K38>0,J38-I38+L38-K38,"") | O38: =IFERROR(IF(N38<>"",N38,M38*-1),"") | P38: ارصده مدينه اخري | Q38: اصول متداوله
C39: 125001 | D39: السلف المؤقته | E39: مدين | F39: المركز المالي | G39: 4 | H39: فرعي | K39: =SUMIF('قيود اليوميه'!G:G,'ميزان المراجعه'!C39,'قيود اليوميه'!D:D) -> 5000 | L39: =SUMIF('قيود اليوميه'!G:G,'ميزان المراجعه'!C39,'قيود اليوميه'!E:E) -> 1000 | M39: =IF(I39-J39+K39-L39>0,I39-J39+K39-L39,"") -> 4000 | N39: =IF(J39-I39+L39-K39>0,J39-I39+L39-K39,"") | O39: =IFERROR(IF(N39<>"",N39,M39*-1),"") -> -4000 | P39: ارصده مدينه اخري | Q39: اصول متداوله
C40: 125002 | D40: العهد تحت التسويه | E40: مدين | F40: المركز المالي | G40: 4 | H40: فرعي | K40: =SUMIF('قيود اليوميه'!G:G,'ميزان المراجعه'!C40,'قيود اليوميه'!D:D) -> 0 | L40: =SUMIF('قيود اليوميه'!G:G,'ميزان المراجعه'!C40,'قيود اليوميه'!E:E) -> 0 | M40: =IF(I40-J40+K40-L40>0,I40-J40+K40-L40,"") | N40: =IF(J40-I40+L40-K40>0,J40-I40+L40-K40,"") | O40: =IFERROR(IF(N40<>"",N40,M40*-1),"") | P40: ارصده مدينه اخري | Q40: اصول متداوله
C41: 125003 | D41: دفعات مقدمه للموردين | E41: مدين | F41: المركز المالي | G41: 4 | H41: فرعي | K41: =SUMIF('قيود اليوميه'!G:G,'ميزان المراجعه'!C41,'قيود اليوميه'!D:D) -> 0 | L41: =SUMIF('قيود اليوميه'!G:G,'ميزان المراجعه'!C41,'قيود اليوميه'!E:E) -> 0 | M41: =IF(I41-J41+K41-L41>0,I41-J41+K41-L41,"") | N41: =IF(J41-I41+L41-K41>0,J41-I41+L41-K41,"") | O41: =IFERROR(IF(N41<>"",N41,M41*-1),"") | P41: ارصده مدينه اخري | Q41: اصول متداوله
C42: 126 | D42: المستحق من الشركاء | E42: مدين | F42: المركز المالي | G42: 3 | H42: رئيسي
C43: 126000 | D43: المستحق من الشريك عبدالله | E43: مدين | F43: المركز المالي | G43: 4 | H43: فرعي | K43: =SUMIF('قيود اليوميه'!G:G,'ميزان المراجعه'!C43,'قيود اليوميه'!D:D) -> 0 | L43: =SUMIF('قيود اليوميه'!G:G,'ميزان المراجعه'!C43,'قيود اليوميه'!E:E) -> 0 | M43: =IF(I43-J43+K43-L43>0,I43-J43+K43-L43,"") | N43: =IF(J43-I43+L43-K43>0,J43-I43+L43-K43,"") | O43: =IFERROR(IF(N43<>"",N43,M43*-1),"") | P43: المستحق من الشركاء | Q43: اصول متداوله
C44: 126001 | D44: المستحق من الشريك محمد | E44: مدين | F44: المركز المالي | G44: 4 | H44: فرعي | K44: =SUMIF('قيود اليوميه'!G:G,'ميزان المراجعه'!C44,'قيود اليوميه'!D:D) -> 0 | L44: =SUMIF('قيود اليوميه'!G:G,'ميزان المراجعه'!C44,'قيود اليوميه'!E:E) -> 0 | M44: =IF(I44-J44+K44-L44>0,I44-J44+K44-L44,"") | N44: =IF(J44-I44+L44-K44>0,J44-I44+L44-K44,"") | O44: =IFERROR(IF(N44<>"",N44,M44*-1),"") | P44: المستحق من الشركاء | Q44: اصول متداوله
C45: 126002 | D45: المستحق من الشريك خالد | E45: مدين | F45: المركز المالي | G45: 4 | H45: فرعي | K45: =SUMIF('قيود اليوميه'!G:G,'ميزان المراجعه'!C45,'قيود اليوميه'!D:D) -> 0 | L45: =SUMIF('قيود اليوميه'!G:G,'ميزان المراجعه'!C45,'قيود اليوميه'!E:E) -> 0 | M45: =IF(I45-J45+K45-L45>0,I45-J45+K45-L45,"") | N45: =IF(J45-I45+L45-K45>0,J45-I45+L45-K45,"") | O45: =IFERROR(IF(N45<>"",N45,M45*-1),"") | P45: المستحق من الشركاء | Q45: اصول متداوله
C46: 2 | D46: الالتزامات وحقوق الملكيه | E46: دائن | F46: المركز المالي | G46: 1 | H46: رئيسي
C47: 21 | D47: حقوق الملكيه | E47: دائن | F47: المركز المالي | G47: 2 | H47: رئيسي
C48: 211 | D48: حقوق الملكيه | E48: دائن | F48: المركز المالي | G48: 3 | H48: رئيسي
C49: 211000 | D49: راس المال | E49: دائن | F49: المركز المالي | G49: 4 | H49: فرعي | K49: =SUMIF('قيود اليوميه'!G:G,'ميزان المراجعه'!C49,'قيود اليوميه'!D:D) -> 0 | L49: =SUMIF('قيود اليوميه'!G:G,'ميزان المراجعه'!C49,'قيود اليوميه'!E:E) -> 2000000 | M49: =IF(I49-J49+K49-L49>0,I49-J49+K49-L49,"") | N49: =IF(J49-I49+L49-K49>0,J49-I49+L49-K49,"") -> 2000000 | O49: =IFERROR(IF(N49<>"",N49,M49*-1),"") -> 2000000 | P49: راس المال | Q49: حقوق الملكيه
C50: 211001 | D50: الاحتياطيات | E50: دائن | F50: المركز المالي | G50: 4 | H50: فرعي | K50: =SUMIF('قيود اليوميه'!G:G,'ميزان المراجعه'!C50,'قيود اليوميه'!D:D) -> 0 | L50: =SUMIF('قيود اليوميه'!G:G,'ميزان المراجعه'!C50,'قيود اليوميه'!E:E) -> 0 | M50: =IF(I50-J50+K50-L50>0,I50-J50+K50-L50,"") | N50: =IF(J50-I50+L50-K50>0,J50-I50+L50-K50,"") | O50: =IFERROR(IF(N50<>"",N50,M50*-1),"") | P50: الاحتياطيات | Q50: حقوق الملكيه
C51: 211002 | D51: الارباح المرحله | E51: دائن | F51: المركز المالي | G51: 4 | H51: فرعي | K51: =SUMIF('قيود اليوميه'!G:G,'ميزان المراجعه'!C51,'قيود اليوميه'!D:D) -> 0 | L51: =SUMIF('قيود اليوميه'!G:G,'ميزان المراجعه'!C51,'قيود اليوميه'!E:E) -> 0 | M51: =IF(I51-J51+K51-L51>0,I51-J51+K51-L51,"") | N51: =IF(J51-I51+L51-K51>0,J51-I51+L51-K51,"") | O51: =IFERROR(IF(N51<>"",N51,M51*-1),"") | P51: ارباح مبقاه | Q51: حقوق الملكيه
C52: 211003 | D52: ارباح وخسائر العام | E52: دائن | F52: المركز المالي | G52: 4 | H52: فرعي | K52: =SUMIF('قيود اليوميه'!G:G,'ميزان المراجعه'!C52,'قيود اليوميه'!D:D) -> 0 | L52: =SUMIF('قيود اليوميه'!G:G,'ميزان المراجعه'!C52,'قيود اليوميه'!E:E) -> 0 | M52: =IF(I52-J52+K52-L52>0,I52-J52+K52-L52,"") | N52: =IF(J52-I52+L52-K52>0,J52-I52+L52-K52,"") | O52: =IFERROR(IF(N52<>"",N52,M52*-1),"") | P52: ارباح مبقاه | Q52: حقوق الملكيه
C53: 22 | D53: التزامات غير متداوله | E53: دائن | F53: المركز المالي | G53: 2 | H53: رئيسي
C54: 221 | D54: القروض طويله الاجل | E54: دائن | F54: المركز المالي | G54: 3 | H54: رئيسي
C55: 221000 | D55: قروض بنكيه طويله الاجل | E55: دائن | F55: المركز المالي | G55: 4 | H55: فرعي | K55: =SUMIF('قيود اليوميه'!G:G,'ميزان المراجعه'!C55,'قيود اليوميه'!D:D) -> 0 | L55: =SUMIF('قيود اليوميه'!G:G,'ميزان المراجعه'!C55,'قيود اليوميه'!E:E) -> 0 | M55: =IF(I55-J55+K55-L55>0,I55-J55+K55-L55,"") | N55: =IF(J55-I55+L55-K55>0,J55-I55+L55-K55,"") | O55: =IFERROR(IF(N55<>"",N55,M55*-1),"") | P55: القروض طويله الاجل | Q55: التزامات غير متداوله
C56: 221001 | D56: فوائد قروض طويله الاجل | E56: دائن | F56: المركز المالي | G56: 4 | H56: فرعي | K56: =SUMIF('قيود اليوميه'!G:G,'ميزان المراجعه'!C56,'قيود اليوميه'!D:D) -> 0 | L56: =SUMIF('قيود اليوميه'!G:G,'ميزان المراجعه'!C56,'قيود اليوميه'!E:E) -> 0 | M56: =IF(I56-J56+K56-L56>0,I56-J56+K56-L56,"") | N56: =IF(J56-I56+L56-K56>0,J56-I56+L56-K56,"") | O56: =IFERROR(IF(N56<>"",N56,M56*-1),"") | P56: القروض طويله الاجل | Q56: التزامات غير متداوله
C57: 222 | D57: مخصص اهلاك ممتلكات ومعدات | E57: دائن | F57: المركز المالي | G57: 3 | H57: رئيسي
C58: 222000 | D58: مخصص اهلاك مباني | E58: دائن | F58: المركز المالي | G58: 4 | H58: فرعي | K58: =SUMIF('قيود اليوميه'!G:G,'ميزان المراجعه'!C58,'قيود اليوميه'!D:D) -> 0 | L58: =SUMIF('قيود اليوميه'!G:G,'ميزان المراجعه'!C58,'قيود اليوميه'!E:E) -> 0 | M58: =IF(I58-J58+K58-L58>0,I58-J58+K58-L58,"") | N58: =IF(J58-I58+L58-K58>0,J58-I58+L58-K58,"") | O58: =IFERROR(IF(N58<>"",N58,M58*-1),"") | P58: الاصول الثابته | Q58: اصول غير متداوله
C59: 222001 | D59: مخصص اهلاك اثاث ومعدات | E59: دائن | F59: المركز المالي | G59: 4 | H59: فرعي | K59: =SUMIF('قيود اليوميه'!G:G,'ميزان المراجعه'!C59,'قيود اليوميه'!D:D) -> 0 | L59: =SUMIF('قيود اليوميه'!G:G,'ميزان المراجعه'!C59,'قيود اليوميه'!E:E) -> 0 | M59: =IF(I59-J59+K59-L59>0,I59-J59+K59-L59,"") | N59: =IF(J59-I59+L59-K59>0,J59-I59+L59-K59,"") | O59: =IFERROR(IF(N59<>"",N59,M59*-1),"") | P59: الاصول الثابته | Q59: اصول غير متداوله
C60: 222002 | D60: مخصص اهلاك سيارات | E60: دائن | F60: المركز المالي | G60: 4 | H60: فرعي | K60: =SUMIF('قيود اليوميه'!G:G,'ميزان المراجعه'!C60,'قيود اليوميه'!D:D) -> 0 | L60: =SUMIF('قيود اليوميه'!G:G,'ميزان المراجعه'!C60,'قيود اليوميه'!E:E) -> 0 | M60: =IF(I60-J60+K60-L60>0,I60-J60+K60-L60,"") | N60: =IF(J60-I60+L60-K60>0,J60-I60+L60-K60,"") | O60: =IFERROR(IF(N60<>"",N60,M60*-1),"") | P60: الاصول الثابته | Q60: اصول غير متداوله
C61: 222003 | D61: مخصص اهلاك اجهزه حاسب | E61: دائن | F61: المركز المالي | G61: 4 | H61: فرعي | K61: =SUMIF('قيود اليوميه'!G:G,'ميزان المراجعه'!C61,'قيود اليوميه'!D:D) -> 0 | L61: =SUMIF('قيود اليوميه'!G:G,'ميزان المراجعه'!C61,'قيود اليوميه'!E:E) -> 0 | M61: =IF(I61-J61+K61-L61>0,I61-J61+K61-L61,"") | N61: =IF(J61-I61+L61-K61>0,J61-I61+L61-K61,"") | O61: =IFERROR(IF(N61<>"",N61,M61*-1),"") | P61: الاصول الثابته | Q61: اصول غير متداوله
C62: 223 | D62: مخصصات اخري | E62: دائن | F62: المركز المالي | G62: 3 | H62: رئيسي
C63: 223000 | D63: مخصص ديون مشكوك فيها | E63: دائن | F63: المركز المالي | G63: 4 | H63: فرعي | K63: =SUMIF('قيود اليوميه'!G:G,'ميزان المراجعه'!C63,'قيود اليوميه'!D:D) -> 0 | L63: =SUMIF('قيود اليوميه'!G:G,'ميزان المراجعه'!C63,'قيود اليوميه'!E:E) -> 0 | M63: =IF(I63-J63+K63-L63>0,I63-J63+K63-L63,"") | N63: =IF(J63-I63+L63-K63>0,J63-I63+L63-K63,"") | O63: =IFERROR(IF(N63<>"",N63,M63*-1),"") | P63: العملاء والمدينون | Q63: اصول متداوله
C64: 223001 | D64: مخصص بضاعه راكده | E64: دائن | F64: المركز المالي | G64: 4 | H64: فرعي | K64: =SUMIF('قيود اليوميه'!G:G,'ميزان المراجعه'!C64,'قيود اليوميه'!D:D) -> 0 | L64: =SUMIF('قيود اليوميه'!G:G,'ميزان المراجعه'!C64,'قيود اليوميه'!E:E) -> 0 | M64: =IF(I64-J64+K64-L64>0,I64-J64+K64-L64,"") | N64: =IF(J64-I64+L64-K64>0,J64-I64+L64-K64,"") | O64: =IFERROR(IF(N64<>"",N64,M64*-1),"") | P64: المخزون | Q64: اصول متداوله
C65: 223002 | D65: مخصص مكافأه ترك الخدمه | E65: دائن | F65: المركز المالي | G65: 4 | H65: فرعي | K65: =SUMIF('قيود اليوميه'!G:G,'ميزان المراجعه'!C65,'قيود اليوميه'!D:D) -> 0 | L65: =SUMIF('قيود اليوميه'!G:G,'ميزان المراجعه'!C65,'قيود اليوميه'!E:E) -> 0 | M65: =IF(I65-J65+K65-L65>0,I65-J65+K65-L65,"") | N65: =IF(J65-I65+L65-K65>0,J65-I65+L65-K65,"") | O65: =IFERROR(IF(N65<>"",N65,M65*-1),"") | P65: التزامات للموظفين | Q65: التزامات غير متداوله
C66: 223003 | D66: مخصص ضمان منتجات | E66: دائن | F66: المركز المالي | G66: 4 | H66: فرعي | K66: =SUMIF('قيود اليوميه'!G:G,'ميزان المراجعه'!C66,'قيود اليوميه'!D:D) -> 0 | L66: =SUMIF('قيود اليوميه'!G:G,'ميزان المراجعه'!C66,'قيود اليوميه'!E:E) -> 0 | M66: =IF(I66-J66+K66-L66>0,I66-J66+K66-L66,"") | N66: =IF(J66-I66+L66-K66>0,J66-I66+L66-K66,"") | O66: =IFERROR(IF(N66<>"",N66,M66*-1),"") | P66: التزامات ضمان | Q66: التزامات غير متداوله
C67: 224 | D67: التزامات طويله الاجل اخري | E67: دائن | F67: المركز المالي | G67: 3 | H67: رئيسي
C68: 224000 | D68: التزامات تمويل شراء اصول | E68: دائن | F68: المركز المالي | G68: 4 | H68: فرعي | K68: =SUMIF('قيود اليوميه'!G:G,'ميزان المراجعه'!C68,'قيود اليوميه'!D:D) -> 0 | L68: =SUMIF('قيود اليوميه'!G:G,'ميزان المراجعه'!C68,'قيود اليوميه'!E:E) -> 0 | M68: =IF(I68-J68+K68-L68>0,I68-J68+K68-L68,"") | N68: =IF(J68-I68+L68-K68>0,J68-I68+L68-K68,"") | O68: =IFERROR(IF(N68<>"",N68,M68*-1),"") | P68: التزامات طويله الاجل اخري | Q68: التزامات غير متداوله
C69: 23 | D69: التزامات متداوله | E69: دائن | F69: المركز المالي | G69: 2 | H69: رئيسي
C70: 231 | D70: الدائنون والموردون | E70: دائن | F70: المركز المالي | G70: 3 | H70: رئيسي
C71: 231000 | D71: موردون محليون | E71: دائن | F71: المركز المالي | G71: 4 | H71: فرعي | K71: =SUMIF('قيود اليوميه'!G:G,'ميزان المراجعه'!C71,'قيود اليوميه'!D:D) -> 100000 | L71: =SUMIF('قيود اليوميه'!G:G,'ميزان المراجعه'!C71,'قيود اليوميه'!E:E) -> 165000 | M71: =IF(I71-J71+K71-L71>0,I71-J71+K71-L71,"") | N71: =IF(J71-I71+L71-K71>0,J71-I71+L71-K71,"") -> 65000 | O71: =IFERROR(IF(N71<>"",N71,M71*-1),"") -> 65000 | P71: الدائنون والموردون | Q71: التزامات متداوله
C72: 231001 | D72: موردون خارجيون | E72: دائن | F72: المركز المالي | G72: 4 | H72: فرعي | K72: =SUMIF('قيود اليوميه'!G:G,'ميزان المراجعه'!C72,'قيود اليوميه'!D:D) -> 0 | L72: =SUMIF('قيود اليوميه'!G:G,'ميزان المراجعه'!C72,'قيود اليوميه'!E:E) -> 0 | M72: =IF(I72-J72+K72-L72>0,I72-J72+K72-L72,"") | N72: =IF(J72-I72+L72-K72>0,J72-I72+L72-K72,"") | O72: =IFERROR(IF(N72<>"",N72,M72*-1),"") | P72: الدائنون والموردون | Q72: التزامات متداوله
C73: 231002 | D73: شيكات صادره لم تورد بعد | E73: دائن | F73: المركز المالي | G73: 4 | H73: فرعي | K73: =SUMIF('قيود اليوميه'!G:G,'ميزان المراجعه'!C73,'قيود اليوميه'!D:D) -> 0 | L73: =SUMIF('قيود اليوميه'!G:G,'ميزان المراجعه'!C73,'قيود اليوميه'!E:E) -> 0 | M73: =IF(I73-J73+K73-L73>0,I73-J73+K73-L73,"") | N73: =IF(J73-I73+L73-K73>0,J73-I73+L73-K73,"") | O73: =IFERROR(IF(N73<>"",N73,M73*-1),"") | P73: الدائنون والموردون | Q73: التزامات متداوله
C74: 231003 | D74: دفعات مقدمه من العملاء | E74: دائن | F74: المركز المالي | G74: 4 | H74: فرعي | K74: =SUMIF('قيود اليوميه'!G:G,'ميزان المراجعه'!C74,'قيود اليوميه'!D:D) -> 0 | L74: =SUMIF('قيود اليوميه'!G:G,'ميزان المراجعه'!C74,'قيود اليوميه'!E:E) -> 0 | M74: =IF(I74-J74+K74-L74>0,I74-J74+K74-L74,"") | N74: =IF(J74-I74+L74-K74>0,J74-I74+L74-K74,"") | O74: =IFERROR(IF(N74<>"",N74,M74*-1),"") | P74: الدائنون والموردون | Q74: التزامات متداوله
C75: 232 | D75: المصروفات المستحقه | E75: دائن | F75: المركز المالي | G75: 3 | H75: رئيسي
C76: 232000 | D76: اجور ورواتب مستحقه | E76: دائن | F76: المركز المالي | G76: 4 | H76: فرعي | K76: =SUMIF('قيود اليوميه'!G:G,'ميزان المراجعه'!C76,'قيود اليوميه'!D:D) -> 20000 | L76: =SUMIF('قيود اليوميه'!G:G,'ميزان المراجعه'!C76,'قيود اليوميه'!E:E) -> 20000 | M76: =IF(I76-J76+K76-L76>0,I76-J76+K76-L76,"") | N76: =IF(J76-I76+L76-K76>0,J76-I76+L76-K76,"") | O76: =IFERROR(IF(N76<>"",N76,M76*-1),"") | P76: المصروفات المستحقه | Q76: التزامات متداوله
C77: 232001 | D77: كهرباء ومياه وهاتف مستحق | E77: دائن | F77: المركز المالي | G77: 4 | H77: فرعي | K77: =SUMIF('قيود اليوميه'!G:G,'ميزان المراجعه'!C77,'قيود اليوميه'!D:D) -> 0 | L77: =SUMIF('قيود اليوميه'!G:G,'ميزان المراجعه'!C77,'قيود اليوميه'!E:E) -> 0 | M77: =IF(I77-J77+K77-L77>0,I77-J77+K77-L77,"") | N77: =IF(J77-I77+L77-K77>0,J77-I77+L77-K77,"") | O77: =IFERROR(IF(N77<>"",N77,M77*-1),"") | P77: المصروفات المستحقه | Q77: التزامات متداوله
C78: 232002 | D78: ايجار مستحق | E78: دائن | F78: المركز المالي | G78: 4 | H78: فرعي | K78: =SUMIF('قيود اليوميه'!G:G,'ميزان المراجعه'!C78,'قيود اليوميه'!D:D) -> 0 | L78: =SUMIF('قيود اليوميه'!G:G,'ميزان المراجعه'!C78,'قيود اليوميه'!E:E) -> 0 | M78: =IF(I78-J78+K78-L78>0,I78-J78+K78-L78,"") | N78: =IF(J78-I78+L78-K78>0,J78-I78+L78-K78,"") | O78: =IFERROR(IF(N78<>"",N78,M78*-1),"") | P78: المصروفات المستحقه | Q78: التزامات متداوله
C79: 232003 | D79: فوائد مستحقه الدفع | E79: دائن | F79: المركز المالي | G79: 4 | H79: فرعي | K79: =SUMIF('قيود اليوميه'!G:G,'ميزان المراجعه'!C79,'قيود اليوميه'!D:D) -> 0 | L79: =SUMIF('قيود اليوميه'!G:G,'ميزان المراجعه'!C79,'قيود اليوميه'!E:E) -> 0 | M79: =IF(I79-J79+K79-L79>0,I79-J79+K79-L79,"") | N79: =IF(J79-I79+L79-K79>0,J79-I79+L79-K79,"") | O79: =IFERROR(IF(N79<>"",N79,M79*-1),"") | P79: المصروفات المستحقه | Q79: التزامات متداوله
C80: 233 | D80: الضرائب والرسوم المستحقه | E80: دائن | F80: المركز المالي | G80: 3 | H80: رئيسي
C81: 233000 | D81: ضرائب دخل مستحقه | E81: دائن | F81: المركز المالي | G81: 4 | H81: فرعي | K81: =SUMIF('قيود اليوميه'!G:G,'ميزان المراجعه'!C81,'قيود اليوميه'!D:D) -> 0 | L81: =SUMIF('قيود اليوميه'!G:G,'ميزان المراجعه'!C81,'قيود اليوميه'!E:E) -> 0 | M81: =IF(I81-J81+K81-L81>0,I81-J81+K81-L81,"") | N81: =IF(J81-I81+L81-K81>0,J81-I81+L81-K81,"") | O81: =IFERROR(IF(N81<>"",N81,M81*-1),"") | P81: الضرائب والرسوم المستحقه | Q81: التزامات متداوله
C82: 233001 | D82: ضرائب مبيعات/قيمه مضافه | E82: دائن | F82: المركز المالي | G82: 4 | H82: فرعي | K82: =SUMIF('قيود اليوميه'!G:G,'ميزان المراجعه'!C82,'قيود اليوميه'!D:D) -> 30000 | L82: =SUMIF('قيود اليوميه'!G:G,'ميزان المراجعه'!C82,'قيود اليوميه'!E:E) -> 30000 | M82: =IF(I82-J82+K82-L82>0,I82-J82+K82-L82,"") | N82: =IF(J82-I82+L82-K82>0,J82-I82+L82-K82,"") | O82: =IFERROR(IF(N82<>"",N82,M82*-1),"") | P82: الضرائب والرسوم المستحقه | Q82: التزامات متداوله
C83: 233002 | D83: تأمينات أجتماعيه مستحقه | E83: دائن | F83: المركز المالي | G83: 4 | H83: فرعي | K83: =SUMIF('قيود اليوميه'!G:G,'ميزان المراجعه'!C83,'قيود اليوميه'!D:D) -> 0 | L83: =SUMIF('قيود اليوميه'!G:G,'ميزان المراجعه'!C83,'قيود اليوميه'!E:E) -> 0 | M83: =IF(I83-J83+K83-L83>0,I83-J83+K83-L83,"") | N83: =IF(J83-I83+L83-K83>0,J83-I83+L83-K83,"") | O83: =IFERROR(IF(N83<>"",N83,M83*-1),"") | P83: الضرائب والرسوم المستحقه | Q83: التزامات متداوله
C84: 233003 | D84: مصلحه الضرائب | E84: دائن | F84: المركز المالي | G84: 4 | H84: فرعي | K84: =SUMIF('قيود اليوميه'!G:G,'ميزان المراجعه'!C84,'قيود اليوميه'!D:D) -> 5000 | L84: =SUMIF('قيود اليوميه'!G:G,'ميزان المراجعه'!C84,'قيود اليوميه'!E:E) -> 15000 | M84: =IF(I84-J84+K84-L84>0,I84-J84+K84-L84,"") | N84: =IF(J84-I84+L84-K84>0,J84-I84+L84-K84,"") -> 10000 | O84: =IFERROR(IF(N84<>"",N84,M84*-1),"") -> 10000 | P84: الضرائب والرسوم المستحقه | Q84: التزامات متداوله
C85: 234 | D85: ارصده دائنه اخري | E85: دائن | F85: المركز المالي | G85: 3 | H85: رئيسي
C86: 234000 | D86: عهد موظفين | E86: دائن | F86: المركز المالي | G86: 4 | H86: فرعي | K86: =SUMIF('قيود اليوميه'!G:G,'ميزان المراجعه'!C86,'قيود اليوميه'!D:D) -> 0 | L86: =SUMIF('قيود اليوميه'!G:G,'ميزان المراجعه'!C86,'قيود اليوميه'!E:E) -> 0 | M86: =IF(I86-J86+K86-L86>0,I86-J86+K86-L86,"") | N86: =IF(J86-I86+L86-K86>0,J86-I86+L86-K86,"") | O86: =IFERROR(IF(N86<>"",N86,M86*-1),"") | P86: ارصده دائنه اخري | Q86: التزامات متداوله
C87: 234001 | D87: ارباح تحت التوزيع | E87: دائن | F87: المركز المالي | G87: 4 | H87: فرعي | K87: =SUMIF('قيود اليوميه'!G:G,'ميزان المراجعه'!C87,'قيود اليوميه'!D:D) -> 0 | L87: =SUMIF('قيود اليوميه'!G:G,'ميزان المراجعه'!C87,'قيود اليوميه'!E:E) -> 0 | M87: =IF(I87-J87+K87-L87>0,I87-J87+K87-L87,"") | N87: =IF(J87-I87+L87-K87>0,J87-I87+L87-K87,"") | O87: =IFERROR(IF(N87<>"",N87,M87*-1),"") | P87: ارصده دائنه اخري | Q87: التزامات متداوله
C88: 234002 | D88: تأمينات مستلمه من الغير | E88: دائن | F88: المركز المالي | G88: 4 | H88: فرعي | K88: =SUMIF('قيود اليوميه'!G:G,'ميزان المراجعه'!C88,'قيود اليوميه'!D:D) -> 0 | L88: =SUMIF('قيود اليوميه'!G:G,'ميزان المراجعه'!C88,'قيود اليوميه'!E:E) -> 0 | M88: =IF(I88-J88+K88-L88>0,I88-J88+K88-L88,"") | N88: =IF(J88-I88+L88-K88>0,J88-I88+L88-K88,"") | O88: =IFERROR(IF(N88<>"",N88,M88*-1),"") | P88: ارصده دائنه اخري | Q88: التزامات متداوله
C89: 235 | D89: المستحق الي الشركاء | E89: دائن | F89: المركز المالي | G89: 3 | H89: رئيسي
C90: 235000 | D90: المستحق الي الشريك عبدالله | E90: دائن | F90: المركز المالي | G90: 4 | H90: فرعي | K90: =SUMIF('قيود اليوميه'!G:G,'ميزان المراجعه'!C90,'قيود اليوميه'!D:D) -> 800000 | L90: =SUMIF('قيود اليوميه'!G:G,'ميزان المراجعه'!C90,'قيود اليوميه'!E:E) -> 800000 | M90: =IF(I90-J90+K90-L90>0,I90-J90+K90-L90,"") | N90: =IF(J90-I90+L90-K90>0,J90-I90+L90-K90,"") | O90: =IFERROR(IF(N90<>"",N90,M90*-1),"") | P90: المستحق الي الشركاء | Q90: التزامات متداوله
C91: 235001 | D91: المستحق الي الشريك محمد | E91: دائن | F91: المركز المالي | G91: 4 | H91: فرعي | K91: =SUMIF('قيود اليوميه'!G:G,'ميزان المراجعه'!C91,'قيود اليوميه'!D:D) -> 800000 | L91: =SUMIF('قيود اليوميه'!G:G,'ميزان المراجعه'!C91,'قيود اليوميه'!E:E) -> 800000 | M91: =IF(I91-J91+K91-L91>0,I91-J91+K91-L91,"") | N91: =IF(J91-I91+L91-K91>0,J91-I91+L91-K91,"") | O91: =IFERROR(IF(N91<>"",N91,M91*-1),"") | P91: المستحق الي الشركاء | Q91: التزامات متداوله
C92: 235002 | D92: المستحق الي الشريك خالد | E92: دائن | F92: المركز المالي | G92: 4 | H92: فرعي | K92: =SUMIF('قيود اليوميه'!G:G,'ميزان المراجعه'!C92,'قيود اليوميه'!D:D) -> 400000 | L92: =SUMIF('قيود اليوميه'!G:G,'ميزان المراجعه'!C92,'قيود اليوميه'!E:E) -> 400000 | M92: =IF(I92-J92+K92-L92>0,I92-J92+K92-L92,"") | N92: =IF(J92-I92+L92-K92>0,J92-I92+L92-K92,"") | O92: =IFERROR(IF(N92<>"",N92,M92*-1),"") | P92: المستحق الي الشركاء | Q92: التزامات متداوله
C93: 3 | D93: الايرادات | E93: دائن | F93: قائمه الدخل | G93: 1 | H93: رئيسي
C94: 31 | D94: ايرادات النشاط الرئيسي | E94: دائن | F94: قائمه الدخل | G94: 2 | H94: رئيسي
C95: 311 | D95: مبيعات محليه | E95: دائن | F95: قائمه الدخل | G95: 3 | H95: رئيسي
C96: 311000 | D96: مبيعات جمله | E96: دائن | F96: قائمه الدخل | G96: 4 | H96: فرعي | K96: =SUMIF('قيود اليوميه'!G:G,'ميزان المراجعه'!C96,'قيود اليوميه'!D:D) -> 0 | L96: =SUMIF('قيود اليوميه'!G:G,'ميزان المراجعه'!C96,'قيود اليوميه'!E:E) -> 300000 | M96: =IF(I96-J96+K96-L96>0,I96-J96+K96-L96,"") | N96: =IF(J96-I96+L96-K96>0,J96-I96+L96-K96,"") -> 300000 | O96: =IFERROR(IF(N96<>"",N96,M96*-1),"") -> 300000 | P96: مبيعات محليه | Q96: ايرادات النشاط الرئيسي
C97: 311001 | D97: مبيعات تجزئه | E97: دائن | F97: قائمه الدخل | G97: 4 | H97: فرعي | K97: =SUMIF('قيود اليوميه'!G:G,'ميزان المراجعه'!C97,'قيود اليوميه'!D:D) -> 0 | L97: =SUMIF('قيود اليوميه'!G:G,'ميزان المراجعه'!C97,'قيود اليوميه'!E:E) -> 0 | M97: =IF(I97-J97+K97-L97>0,I97-J97+K97-L97,"") | N97: =IF(J97-I97+L97-K97>0,J97-I97+L97-K97,"") | O97: =IFERROR(IF(N97<>"",N97,M97*-1),"") | P97: مبيعات محليه | Q97: ايرادات النشاط الرئيسي
C98: 311002 | D98: مبيعات عبر الانترنت | E98: دائن | F98: قائمه الدخل | G98: 4 | H98: فرعي | K98: =SUMIF('قيود اليوميه'!G:G,'ميزان المراجعه'!C98,'قيود اليوميه'!D:D) -> 0 | L98: =SUMIF('قيود اليوميه'!G:G,'ميزان المراجعه'!C98,'قيود اليوميه'!E:E) -> 0 | M98: =IF(I98-J98+K98-L98>0,I98-J98+K98-L98,"") | N98: =IF(J98-I98+L98-K98>0,J98-I98+L98-K98,"") | O98: =IFERROR(IF(N98<>"",N98,M98*-1),"") | P98: مبيعات محليه | Q98: ايرادات النشاط الرئيسي
C99: 311003 | D99: مردودات المبيعات | E99: مدين | F99: قائمه الدخل | G99: 4 | H99: فرعي | K99: =SUMIF('قيود اليوميه'!G:G,'ميزان المراجعه'!C99,'قيود اليوميه'!D:D) -> 0 | L99: =SUMIF('قيود اليوميه'!G:G,'ميزان المراجعه'!C99,'قيود اليوميه'!E:E) -> 0 | M99: =IF(I99-J99+K99-L99>0,I99-J99+K99-L99,"") | N99: =IF(J99-I99+L99-K99>0,J99-I99+L99-K99,"") | O99: =IFERROR(IF(N99<>"",N99,M99*-1),"") | P99: مبيعات محليه | Q99: ايرادات النشاط الرئيسي
C100: 312 | D100: مبيعات خارجيه/تصدير | E100: دائن | F100: قائمه الدخل | G100: 3 | H100: رئيسي
C101: 312000 | D101: مبيعات تصدير مباشره | E101: دائن | F101: قائمه الدخل | G101: 4 | H101: فرعي | K101: =SUMIF('قيود اليوميه'!G:G,'ميزان المراجعه'!C101,'قيود اليوميه'!D:D) -> 0 | L101: =SUMIF('قيود اليوميه'!G:G,'ميزان المراجعه'!C101,'قيود اليوميه'!E:E) -> 0 | M101: =IF(I101-J101+K101-L101>0,I101-J101+K101-L101,"") | N101: =IF(J101-I101+L101-K101>0,J101-I101+L101-K101,"") | O101: =IFERROR(IF(N101<>"",N101,M101*-1),"") | P101: مبيعات خارجيه/تصدير | Q101: ايرادات النشاط الرئيسي
C102: 312001 | D102: خصم صادرات | E102: مدين | F102: قائمه الدخل | G102: 4 | H102: فرعي | K102: =SUMIF('قيود اليوميه'!G:G,'ميزان المراجعه'!C102,'قيود اليوميه'!D:D) -> 0 | L102: =SUMIF('قيود اليوميه'!G:G,'ميزان المراجعه'!C102,'قيود اليوميه'!E:E) -> 0 | M102: =IF(I102-J102+K102-L102>0,I102-J102+K102-L102,"") | N102: =IF(J102-I102+L102-K102>0,J102-I102+L102-K102,"") | O102: =IFERROR(IF(N102<>"",N102,M102*-1),"") | P102: مبيعات خارجيه/تصدير | Q102: ايرادات النشاط الرئيسي
C103: 313 | D103: ايرادات خدمات اضافيه | E103: دائن | F103: قائمه الدخل | G103: 3 | H103: رئيسي
...

Sheet قيود اليوميه
B1: قيود اليوميه لعام 2025
B3: التاريخ | C3: رقم القيد | D3: مدين | E3: دائن | F3: رصيد | G3: رقم احساب | H3: اسم الحساب | I3: الوصف | J3: رقم الجهه | K3: اسم الجهه | L3: نوع الجهه
B4: 45658 | C4: 1 | E4: 2000000 | F4: =D4-E4 -> -2000000 | G4: 211000 | H4: =IF(G4<>"",VLOOKUP(G4,'ميزان المراجعه'!$C$6:$D$167,2,FALSE),"") -> راس المال | I4: اثبات راس مال الشركه | K4: =IF(J4<>"",VLOOKUP(J4,الجهات!$B$4:$D$23,2),"") | L4: =IF(J4<>"",VLOOKUP(J4,الجهات!$B$4:$D$23,3),"")
B5: 45658 | C5: 1 | D5: 800000 | F5: =F4+D5-E5 -> -1200000 | G5: 235000 | H5: =IF(G5<>"",VLOOKUP(G5,'ميزان المراجعه'!$C$6:$D$167,2,FALSE),"") -> المستحق الي الشريك عبدالله | I5: اثبات راس مال الشركه | K5: =IF(J5<>"",VLOOKUP(J5,الجهات!$B$4:$D$23,2),"") | L5: =IF(J5<>"",VLOOKUP(J5,الجهات!$B$4:$D$23,3),"")
B6: 45658 | C6: 1 | D6: 800000 | F6: =F5+D6-E6 -> -400000 | G6: 235001 | H6: =IF(G6<>"",VLOOKUP(G6,'ميزان المراجعه'!$C$6:$D$167,2,FALSE),"") -> المستحق الي الشريك محمد | I6: اثبات راس مال الشركه | K6: =IF(J6<>"",VLOOKUP(J6,الجهات!$B$4:$D$23,2),"") | L6: =IF(J6<>"",VLOOKUP(J6,الجهات!$B$4:$D$23,3),"")
B7: 45658 | C7: 1 | D7: 400000 | F7: =F6+D7-E7 -> 0 | G7: 235002 | H7: =IF(G7<>"",VLOOKUP(G7,'ميزان المراجعه'!$C$6:$D$167,2,FALSE),"") -> المستحق الي الشريك خالد | I7: اثبات راس مال الشركه | K7: =IF(J7<>"",VLOOKUP(J7,الجهات!$B$4:$D$23,2),"") | L7: =IF(J7<>"",VLOOKUP(J7,الجهات!$B$4:$D$23,3),"")
F8: =F7+D8-E8 -> 0 | H8: =IF(G8<>"",VLOOKUP(G8,'ميزان المراجعه'!$C$6:$D$167,2,FALSE),"") | K8: =IF(J8<>"",VLOOKUP(J8,الجهات!$B$4:$D$23,2),"") | L8: =IF(J8<>"",VLOOKUP(J8,الجهات!$B$4:$D$23,3),"")
F9: =F8+D9-E9 -> 0 | H9: =IF(G9<>"",VLOOKUP(G9,'ميزان المراجعه'!$C$6:$D$167,2,FALSE),"") | K9: =IF(J9<>"",VLOOKUP(J9,الجهات!$B$4:$D$23,2),"") | L9: =IF(J9<>"",VLOOKUP(J9,الجهات!$B$4:$D$23,3),"")
C10: 2 | D10: 800000 | F10: =F9+D10-E10 -> 800000 | G10: 121004 | H10: =IF(G10<>"",VLOOKUP(G10,'ميزان المراجعه'!$C$6:$D$167,2,FALSE),"") -> حساب بنك الCIB | K10: =IF(J10<>"",VLOOKUP(J10,الجهات!$B$4:$D$23,2),"") | L10: =IF(J10<>"",VLOOKUP(J10,الجهات!$B$4:$D$23,3),"")
C11: 2 | D11: 400000 | F11: =F10+D11-E11 -> 1200000 | G11: 121003 | H11: =IF(G11<>"",VLOOKUP(G11,'ميزان المراجعه'!$C$6:$D$167,2,FALSE),"") -> حساب بنك مصر | K11: =IF(J11<>"",VLOOKUP(J11,الجهات!$B$4:$D$23,2),"") | L11: =IF(J11<>"",VLOOKUP(J11,الجهات!$B$4:$D$23,3),"")
B12: 45779 | C12: 2 | D12: 800000 | F12: =F11+D12-E12 -> 2000000 | G12: 121002 | H12: =IF(G12<>"",VLOOKUP(G12,'ميزان المراجعه'!$C$6:$D$167,2,FALSE),"") -> حساب البنك الاهلي | I12: ايداع راس مال الشركه | K12: =IF(J12<>"",VLOOKUP(J12,الجهات!$B$4:$D$23,2),"") | L12: =IF(J12<>"",VLOOKUP(J12,الجهات!$B$4:$D$23,3),"")
B13: 45779 | C13: 2 | E13: 800000 | F13: =F12+D13-E13 -> 1200000 | G13: 235000 | H13: =IF(G13<>"",VLOOKUP(G13,'ميزان المراجعه'!$C$6:$D$167,2,FALSE),"") -> المستحق الي الشريك عبدالله | I13: ايداع راس مال الشركه | K13: =IF(J13<>"",VLOOKUP(J13,الجهات!$B$4:$D$23,2),"") | L13: =IF(J13<>"",VLOOKUP(J13,الجهات!$B$4:$D$23,3),"")
B14: 45779 | C14: 2 | E14: 800000 | F14: =F13+D14-E14 -> 400000 | G14: 235001 | H14: =IF(G14<>"",VLOOKUP(G14,'ميزان المراجعه'!$C$6:$D$167,2,FALSE),"") -> المستحق الي الشريك محمد | I14: ايداع راس مال الشركه | K14: =IF(J14<>"",VLOOKUP(J14,الجهات!$B$4:$D$23,2),"") | L14: =IF(J14<>"",VLOOKUP(J14,الجهات!$B$4:$D$23,3),"")
B15: 45779 | C15: 2 | E15: 400000 | F15: =F14+D15-E15 -> 0 | G15: 235002 | H15: =IF(G15<>"",VLOOKUP(G15,'ميزان المراجعه'!$C$6:$D$167,2,FALSE),"") -> المستحق الي الشريك خالد | I15: ايداع راس مال الشركه | K15: =IF(J15<>"",VLOOKUP(J15,الجهات!$B$4:$D$23,2),"") | L15: =IF(J15<>"",VLOOKUP(J15,الجهات!$B$4:$D$23,3),"")
F16: =F15+D16-E16 -> 0 | H16: =IF(G16<>"",VLOOKUP(G16,'ميزان المراجعه'!$C$6:$D$167,2,FALSE),"") | K16: =IF(J16<>"",VLOOKUP(J16,الجهات!$B$4:$D$23,2),"") | L16: =IF(J16<>"",VLOOKUP(J16,الجهات!$B$4:$D$23,3),"")
B17: 45933 | C17: 3 | D17: 60000 | F17: =F16+D17-E17 -> 60000 | G17: 124000 | H17: =IF(G17<>"",VLOOKUP(G17,'ميزان المراجعه'!$C$6:$D$167,2,FALSE),"") -> ايجار مقدم | I17: سداد ايجار المستودع | K17: =IF(J17<>"",VLOOKUP(J17,الجهات!$B$4:$D$23,2),"") | L17: =IF(J17<>"",VLOOKUP(J17,الجهات!$B$4:$D$23,3),"")
B18: 45933 | C18: 3 | D18: 5000 | F18: =F17+D18-E18 -> 65000 | G18: 431002 | H18: =IF(G18<>"",VLOOKUP(G18,'ميزان المراجعه'!$C$6:$D$167,2,FALSE),"") -> مصاريف بنكيه | I18: سداد ايجار المستودع | K18: =IF(J18<>"",VLOOKUP(J18,الجهات!$B$4:$D$23,2),"") | L18: =IF(J18<>"",VLOOKUP(J18,الجهات!$B$4:$D$23,3),"")
B19: 45933 | C19: 3 | E19: 60000 | F19: =F18+D19-E19 -> 5000 | G19: 121002 | H19: =IF(G19<>"",VLOOKUP(G19,'ميزان المراجعه'!$C$6:$D$167,2,FALSE),"") -> حساب البنك الاهلي | I19: سداد ايجار المستودع | K19: =IF(J19<>"",VLOOKUP(J19,الجهات!$B$4:$D$23,2),"") | L19: =IF(J19<>"",VLOOKUP(J19,الجهات!$B$4:$D$23,3),"")
B20: 45933 | C20: 3 | E20: 5000 | F20: =F19+D20-E20 -> 0 | G20: 121002 | H20: =IF(G20<>"",VLOOKUP(G20,'ميزان المراجعه'!$C$6:$D$167,2,FALSE),"") -> حساب البنك الاهلي | I20: سداد ايجار المستودع | K20: =IF(J20<>"",VLOOKUP(J20,الجهات!$B$4:$D$23,2),"") | L20: =IF(J20<>"",VLOOKUP(J20,الجهات!$B$4:$D$23,3),"")
F21: =F20+D21-E21 -> 0 | H21: =IF(G21<>"",VLOOKUP(G21,'ميزان المراجعه'!$C$6:$D$167,2,FALSE),"") | K21: =IF(J21<>"",VLOOKUP(J21,الجهات!$B$4:$D$23,2),"") | L21: =IF(J21<>"",VLOOKUP(J21,الجهات!$B$4:$D$23,3),"")
B22: 15/4/2025 | C22: 4 | D22: 75000 | F22: =F21+D22-E22 -> 75000 | G22: 124000 | H22: =IF(G22<>"",VLOOKUP(G22,'ميزان المراجعه'!$C$6:$D$167,2,FALSE),"") -> ايجار مقدم | I22: سداد ايجار معدات | K22: =IF(J22<>"",VLOOKUP(J22,الجهات!$B$4:$D$23,2),"") | L22: =IF(J22<>"",VLOOKUP(J22,الجهات!$B$4:$D$23,3),"")
B23: 15/4/2025 | C23: 4 | D23: 700 | F23: =F22+D23-E23 -> 75700 | G23: 431002 | H23: =IF(G23<>"",VLOOKUP(G23,'ميزان المراجعه'!$C$6:$D$167,2,FALSE),"") -> مصاريف بنكيه | I23: سداد ايجار معدات | K23: =IF(J23<>"",VLOOKUP(J23,الجهات!$B$4:$D$23,2),"") | L23: =IF(J23<>"",VLOOKUP(J23,الجهات!$B$4:$D$23,3),"")
B24: 15/4/2025 | C24: 4 | E24: 75000 | F24: =F23+D24-E24 -> 700 | G24: 121004 | H24: =IF(G24<>"",VLOOKUP(G24,'ميزان المراجعه'!$C$6:$D$167,2,FALSE),"") -> حساب بنك الCIB | I24: سداد ايجار معدات | K24: =IF(J24<>"",VLOOKUP(J24,الجهات!$B$4:$D$23,2),"") | L24: =IF(J24<>"",VLOOKUP(J24,الجهات!$B$4:$D$23,3),"")
B25: 15/4/2025 | C25: 4 | E25: 700 | F25: =F24+D25-E25 -> 0 | G25: 121004 | H25: =IF(G25<>"",VLOOKUP(G25,'ميزان المراجعه'!$C$6:$D$167,2,FALSE),"") -> حساب بنك الCIB | I25: سداد ايجار معدات | K25: =IF(J25<>"",VLOOKUP(J25,الجهات!$B$4:$D$23,2),"") | L25: =IF(J25<>"",VLOOKUP(J25,الجهات!$B$4:$D$23,3),"")
F26: =F25+D26-E26 -> 0 | H26: =IF(G26<>"",VLOOKUP(G26,'ميزان المراجعه'!$C$6:$D$167,2,FALSE),"") | K26: =IF(J26<>"",VLOOKUP(J26,الجهات!$B$4:$D$23,2),"") | L26: =IF(J26<>"",VLOOKUP(J26,الجهات!$B$4:$D$23,3),"")
B27: 31/5/2025 | C27: 5 | D27: 11250 | F27: =F26+D27-E27 -> 11250 | G27: 124000 | H27: =IF(G27<>"",VLOOKUP(G27,'ميزان المراجعه'!$C$6:$D$167,2,FALSE),"") -> ايجار مقدم | I27: استحقاق مايو من الاجارات
B28: 31/5/2025 | C28: 5 | E28: 11250 | F28: =F27+D28-E28 -> 0 | G28: 121003 | H28: =IF(G28<>"",VLOOKUP(G28,'ميزان المراجعه'!$C$6:$D$167,2,FALSE),"") -> حساب بنك مصر | I28: استحقاق مايو من الاجارات
F29: =F28+D29-E29 -> 0 | H29: =IF(G29<>"",VLOOKUP(G29,'ميزان المراجعه'!$C$6:$D$167,2,FALSE),"")
F30: =F29+D30-E30 -> 0 | H30: =IF(G30<>"",VLOOKUP(G30,'ميزان المراجعه'!$C$6:$D$167,2,FALSE),"")
B31: 31/5/2025 | C31: 6 | D31: 11250 | F31: =F26+D31-E31 -> 11250 | G31: 422001 | H31: =IF(G31<>"",VLOOKUP(G31,'ميزان المراجعه'!$C$6:$D$167,2,FALSE),"") -> مصروف ايجار | I31: اقفال ما يخص مايو من الايجار المدفوع مقدما | K31: =IF(J31<>"",VLOOKUP(J31,الجهات!$B$4:$D$23,2),"") | L31: =IF(J31<>"",VLOOKUP(J31,الجهات!$B$4:$D$23,3),"")
B32: 31/5/2026 | C32: 6 | E32: 11250 | F32: =F31+D32-E32 -> 0 | G32: 124000 | H32: =IF(G32<>"",VLOOKUP(G32,'ميزان المراجعه'!$C$6:$D$167,2,FALSE),"") -> ايجار مقدم | I32: اقفال ما يخص مايو من الايجار المدفوع مقدما | K32: =IF(J32<>"",VLOOKUP(J32,الجهات!$B$4:$D$23,2),"") | L32: =IF(J32<>"",VLOOKUP(J32,الجهات!$B$4:$D$23,3),"")
F33: =F32+D33-E33 -> 0 | H33: =IF(G33<>"",VLOOKUP(G33,'ميزان المراجعه'!$C$6:$D$167,2,FALSE),"") | K33: =IF(J33<>"",VLOOKUP(J33,الجهات!$B$4:$D$23,2),"") | L33: =IF(J33<>"",VLOOKUP(J33,الجهات!$B$4:$D$23,3),"")
B34: 45694 | F34: =F33+D34-E34 -> 0 | H34: =IF(G34<>"",VLOOKUP(G34,'ميزان المراجعه'!$C$6:$D$167,2,FALSE),"") | K34: =IF(J34<>"",VLOOKUP(J34,الجهات!$B$4:$D$23,2),"") | L34: =IF(J34<>"",VLOOKUP(J34,الجهات!$B$4:$D$23,3),"")
B35: 45694 | C35: 7 | D35: 100000 | F35: =F34+D35-E35 -> 100000 | G35: 111003 | H35: =IF(G35<>"",VLOOKUP(G35,'ميزان المراجعه'!$C$6:$D$167,2,FALSE),"") -> السيارات | I35: شراء سيارات | K35: =IF(J35<>"",VLOOKUP(J35,الجهات!$B$4:$D$23,2),"") | L35: =IF(J35<>"",VLOOKUP(J35,الجهات!$B$4:$D$23,3),"")
B36: 45694 | C36: 7 | D36: 1000 | F36: =F35+D36-E36 -> 101000 | G36: 431002 | H36: =IF(G36<>"",VLOOKUP(G36,'ميزان المراجعه'!$C$6:$D$167,2,FALSE),"") -> مصاريف بنكيه | I36: شراء سيارات | K36: =IF(J36<>"",VLOOKUP(J36,الجهات!$B$4:$D$23,2),"") | L36: =IF(J36<>"",VLOOKUP(J36,الجهات!$B$4:$D$23,3),"")
B37: 45694 | C37: 7 | E37: 100000 | F37: =F36+D37-E37 -> 1000 | G37: 121002 | H37: =IF(G37<>"",VLOOKUP(G37,'ميزان المراجعه'!$C$6:$D$167,2,FALSE),"") -> حساب البنك الاهلي | I37: شراء سيارات | K37: =IF(J37<>"",VLOOKUP(J37,الجهات!$B$4:$D$23,2),"") | L37: =IF(J37<>"",VLOOKUP(J37,الجهات!$B$4:$D$23,3),"")
C38: 7 | E38: 1000 | F38: =F37+D38-E38 -> 0 | G38: 121002 | H38: =IF(G38<>"",VLOOKUP(G38,'ميزان المراجعه'!$C$6:$D$167,2,FALSE),"") -> حساب البنك الاهلي | I38: شراء سيارات | K38: =IF(J38<>"",VLOOKUP(J38,الجهات!$B$4:$D$23,2),"") | L38: =IF(J38<>"",VLOOKUP(J38,الجهات!$B$4:$D$23,3),"")
F39: =F38+D39-E39 -> 0 | H39: =IF(G39<>"",VLOOKUP(G39,'ميزان المراجعه'!$C$6:$D$167,2,FALSE),"") | K39: =IF(J39<>"",VLOOKUP(J39,الجهات!$B$4:$D$23,2),"") | L39: =IF(J39<>"",VLOOKUP(J39,الجهات!$B$4:$D$23,3),"")
B40: 45697 | C40: 8 | D40: 50000 | F40: =F39+D40-E40 -> 50000 | G40: 111004 | H40: =IF(G40<>"",VLOOKUP(G40,'ميزان المراجعه'!$C$6:$D$167,2,FALSE),"") -> اجهزه الحاسب | I40: شراء اجهزه حاسب | K40: =IF(J40<>"",VLOOKUP(J40,الجهات!$B$4:$D$23,2),"") | L40: =IF(J40<>"",VLOOKUP(J40,الجهات!$B$4:$D$23,3),"")
B41: 45697 | C41: 8 | D41: 500 | F41: =F40+D41-E41 -> 50500 | G41: 431002 | H41: =IF(G41<>"",VLOOKUP(G41,'ميزان المراجعه'!$C$6:$D$167,2,FALSE),"") -> مصاريف بنكيه | I41: شراء اجهزه حاسب | K41: =IF(J41<>"",VLOOKUP(J41,الجهات!$B$4:$D$23,2),"") | L41: =IF(J41<>"",VLOOKUP(J41,الجهات!$B$4:$D$23,3),"")
B42: 45697 | C42: 8 | E42: 50000 | F42: =F41+D42-E42 -> 500 | G42: 121002 | H42: =IF(G42<>"",VLOOKUP(G42,'ميزان المراجعه'!$C$6:$D$167,2,FALSE),"") -> حساب البنك الاهلي | I42: شراء اجهزه حاسب | K42: =IF(J42<>"",VLOOKUP(J42,الجهات!$B$4:$D$23,2),"") | L42: =IF(J42<>"",VLOOKUP(J42,الجهات!$B$4:$D$23,3),"")
B43: 45697 | C43: 8 | E43: 500 | F43: =F42+D43-E43 -> 0 | G43: 121002 | H43: =IF(G43<>"",VLOOKUP(G43,'ميزان المراجعه'!$C$6:$D$167,2,FALSE),"") -> حساب البنك الاهلي | I43: شراء اجهزه حاسب | K43: =IF(J43<>"",VLOOKUP(J43,الجهات!$B$4:$D$23,2),"") | L43: =IF(J43<>"",VLOOKUP(J43,الجهات!$B$4:$D$23,3),"")
F44: =F43+D44-E44 -> 0 | H44: =IF(G44<>"",VLOOKUP(G44,'ميزان المراجعه'!$C$6:$D$167,2,FALSE),"") | K44: =IF(J44<>"",VLOOKUP(J44,الجهات!$B$4:$D$23,2),"") | L44: =IF(J44<>"",VLOOKUP(J44,الجهات!$B$4:$D$23,3),"")
B45: 45697 | C45: 9 | D45: 75000 | F45: =F44+D45-E45 -> 75000 | G45: 111002 | H45: =IF(G45<>"",VLOOKUP(G45,'ميزان المراجعه'!$C$6:$D$167,2,FALSE),"") -> الاثاث والمعدات | I45: شراء اثاث ومعدات | K45: =IF(J45<>"",VLOOKUP(J45,الجهات!$B$4:$D$23,2),"") | L45: =IF(J45<>"",VLOOKUP(J45,الجهات!$B$4:$D$23,3),"")
B46: 45697 | C46: 9 | D46: 700 | F46: =F45+D46-E46 -> 75700 | G46: 431002 | H46: =IF(G46<>"",VLOOKUP(G46,'ميزان المراجعه'!$C$6:$D$167,2,FALSE),"") -> مصاريف بنكيه | I46: شراء اثاث ومعدات | K46: =IF(J46<>"",VLOOKUP(J46,الجهات!$B$4:$D$23,2),"") | L46: =IF(J46<>"",VLOOKUP(J46,الجهات!$B$4:$D$23,3),"")
B47: 45697 | C47: 9 | E47: 75000 | F47: =F46+D47-E47 -> 700 | G47: 121002 | H47: =IF(G47<>"",VLOOKUP(G47,'ميزان المراجعه'!$C$6:$D$167,2,FALSE),"") -> حساب البنك الاهلي | I47: شراء اثاث ومعدات | K47: =IF(J47<>"",VLOOKUP(J47,الجهات!$B$4:$D$23,2),"") | L47: =IF(J47<>"",VLOOKUP(J47,الجهات!$B$4:$D$23,3),"")
B48: 45697 | C48: 9 | E48: 700 | F48: =F47+D48-E48 -> 0 | G48: 121002 | H48: =IF(G48<>"",VLOOKUP(G48,'ميزان المراجعه'!$C$6:$D$167,2,FALSE),"") -> حساب البنك الاهلي | I48: شراء اثاث ومعدات | K48: =IF(J48<>"",VLOOKUP(J48,الجهات!$B$4:$D$23,2),"") | L48: =IF(J48<>"",VLOOKUP(J48,الجهات!$B$4:$D$23,3),"")
F49: =F48+D49-E49 -> 0 | H49: =IF(G49<>"",VLOOKUP(G49,'ميزان المراجعه'!$C$6:$D$167,2,FALSE),"") | K49: =IF(J49<>"",VLOOKUP(J49,الجهات!$B$4:$D$23,2),"") | L49: =IF(J49<>"",VLOOKUP(J49,الجهات!$B$4:$D$23,3),"")
F50: =F49+D50-E50 -> 0 | H50: =IF(G50<>"",VLOOKUP(G50,'ميزان المراجعه'!$C$6:$D$167,2,FALSE),"") | K50: =IF(J50<>"",VLOOKUP(J50,الجهات!$B$4:$D$23,2),"") | L50: =IF(J50<>"",VLOOKUP(J50,الجهات!$B$4:$D$23,3),"")
B51: 15/10/2025 | C51: 13 | D51: 5000 | F51: =F50+D51-E51 -> 5000 | G51: 125001 | H51: =IF(G51<>"",VLOOKUP(G51,'ميزان المراجعه'!$C$6:$D$167,2,FALSE),"") -> السلف المؤقته | I51: سلفه للموظف احمد | J51: 3001 | K51: =IF(J51<>"",VLOOKUP(J51,الجهات!$B$4:$D$23,2),"") -> احمد علي | L51: =IF(J51<>"",VLOOKUP(J51,الجهات!$B$4:$D$23,3),"") -> موظف
B52: 15/10/2025 | C52: 13 | E52: 5000 | F52: =F51+D52-E52 -> 0 | G52: 121002 | H52: =IF(G52<>"",VLOOKUP(G52,'ميزان المراجعه'!$C$6:$D$167,2,FALSE),"") -> حساب البنك الاهلي | I52: سلفه للموظف احمد | K52: =IF(J52<>"",VLOOKUP(J52,الجهات!$B$4:$D$23,2),"") | L52: =IF(J52<>"",VLOOKUP(J52,الجهات!$B$4:$D$23,3),"")
F53: =F52+D53-E53 -> 0 | H53: =IF(G53<>"",VLOOKUP(G53,'ميزان المراجعه'!$C$6:$D$167,2,FALSE),"") | K53: =IF(J53<>"",VLOOKUP(J53,الجهات!$B$4:$D$23,2),"") | L53: =IF(J53<>"",VLOOKUP(J53,الجهات!$B$4:$D$23,3),"")
B54: 15/11/2025 | C54: 14 | D54: 1000 | F54: =F53+D54-E54 -> 1000 | G54: 121002 | H54: =IF(G54<>"",VLOOKUP(G54,'ميزان المراجعه'!$C$6:$D$167,2,FALSE),"") -> حساب البنك الاهلي | I54: سداد جزء من السلفه | K54: =IF(J54<>"",VLOOKUP(J54,الجهات!$B$4:$D$23,2),"") | L54: =IF(J54<>"",VLOOKUP(J54,الجهات!$B$4:$D$23,3),"")
B55: 15/11/2025 | C55: 14 | E55: 1000 | F55: =F54+D55-E55 -> 0 | G55: 125001 | H55: =IF(G55<>"",VLOOKUP(G55,'ميزان المراجعه'!$C$6:$D$167,2,FALSE),"") -> السلف المؤقته | I55: سداد جزء من السلفه | J55: 3001 | K55: =IF(J55<>"",VLOOKUP(J55,الجهات!$B$4:$D$23,2),"") -> احمد علي | L55: =IF(J55<>"",VLOOKUP(J55,الجهات!$B$4:$D$23,3),"") -> موظف
F56: =F55+D56-E56 -> 0 | H56: =IF(G56<>"",VLOOKUP(G56,'ميزان المراجعه'!$C$6:$D$167,2,FALSE),"") | K56: =IF(J56<>"",VLOOKUP(J56,الجهات!$B$4:$D$23,2),"") | L56: =IF(J56<>"",VLOOKUP(J56,الجهات!$B$4:$D$23,3),"")
B57: 29/11/2025 | C57: 15 | D57: 20000 | F57: =F56+D57-E57 -> 20000 | G57: 422000 | H57: =IF(G57<>"",VLOOKUP(G57,'ميزان المراجعه'!$C$6:$D$167,2,FALSE),"") -> رواتب الموظفين | I57: اثبات استحقاق رواتب موفمبر | K57: =IF(J57<>"",VLOOKUP(J57,الجهات!$B$4:$D$23,2),"") | L57: =IF(J57<>"",VLOOKUP(J57,الجهات!$B$4:$D$23,3),"")
B58: 29/11/2026 | C58: 15 | E58: 20000 | F58: =F57+D58-E58 -> 0 | G58: 232000 | H58: =IF(G58<>"",VLOOKUP(G58,'ميزان المراجعه'!$C$6:$D$167,2,FALSE),"") -> اجور ورواتب مستحقه | I58: اثبات استحقاق رواتب موفمبر | K58: =IF(J58<>"",VLOOKUP(J58,الجهات!$B$4:$D$23,2),"") | L58: =IF(J58<>"",VLOOKUP(J58,الجهات!$B$4:$D$23,3),"")
F59: =F58+D59-E59 -> 0 | H59: =IF(G59<>"",VLOOKUP(G59,'ميزان المراجعه'!$C$6:$D$167,2,FALSE),"") | K59: =IF(J59<>"",VLOOKUP(J59,الجهات!$B$4:$D$23,2),"") | L59: =IF(J59<>"",VLOOKUP(J59,الجهات!$B$4:$D$23,3),"")
B60: 45789 | C60: 16 | D60: 20000 | F60: =F59+D60-E60 -> 20000 | G60: 232000 | H60: =IF(G60<>"",VLOOKUP(G60,'ميزان المراجعه'!$C$6:$D$167,2,FALSE),"") -> اجور ورواتب مستحقه | I60: سداد رواتب نوفمبر | K60: =IF(J60<>"",VLOOKUP(J60,الجهات!$B$4:$D$23,2),"") | L60: =IF(J60<>"",VLOOKUP(J60,الجهات!$B$4:$D$23,3),"")
B61: 45789 | C61: 16 | E61: 20000 | F61: =F60+D61-E61 -> 0 | G61: 121004 | H61: =IF(G61<>"",VLOOKUP(G61,'ميزان المراجعه'!$C$6:$D$167,2,FALSE),"") -> حساب بنك الCIB | I61: سداد رواتب نوفمبر | K61: =IF(J61<>"",VLOOKUP(J61,الجهات!$B$4:$D$23,2),"") | L61: =IF(J61<>"",VLOOKUP(J61,الجهات!$B$4:$D$23,3),"")
F62: =F61+D62-E62 -> 0 | H62: =IF(G62<>"",VLOOKUP(G62,'ميزان المراجعه'!$C$6:$D$167,2,FALSE),"") | K62: =IF(J62<>"",VLOOKUP(J62,الجهات!$B$4:$D$23,2),"") | L62: =IF(J62<>"",VLOOKUP(J62,الجهات!$B$4:$D$23,3),"")
B63: 45820 | C63: 17 | D63: 330000 | F63: =F62+D63-E63 -> 330000 | G63: 122000 | H63: =IF(G63<>"",VLOOKUP(G63,'ميزان المراجعه'!$C$6:$D$167,2,FALSE),"") -> العملاء المحليون | I63: مبيعات لعملاء محليون | J63: 2002 | K63: =IF(J63<>"",VLOOKUP(J63,الجهات!$B$4:$D$23,2),"") -> عميل 2 | L63: =IF(J63<>"",VLOOKUP(J63,الجهات!$B$4:$D$23,3),"") -> عميل
B64: 45820 | C64: 17 | E64: 300000 | F64: =F63+D64-E64 -> 30000 | G64: 311000 | H64: =IF(G64<>"",VLOOKUP(G64,'ميزان المراجعه'!$C$6:$D$167,2,FALSE),"") -> مبيعات جمله | I64: مبيعات لعملاء محليون | K64: =IF(J64<>"",VLOOKUP(J64,الجهات!$B$4:$D$23,2),"") | L64: =IF(J64<>"",VLOOKUP(J64,الجهات!$B$4:$D$23,3),"")
B65: 45820 | C65: 17 | E65: 30000 | F65: =F64+D65-E65 -> 0 | G65: 233001 | H65: =IF(G65<>"",VLOOKUP(G65,'ميزان المراجعه'!$C$6:$D$167,2,FALSE),"") -> ضرائب مبيعات/قيمه مضافه | I65: مبيعات لعملاء محليون | K65: =IF(J65<>"",VLOOKUP(J65,الجهات!$B$4:$D$23,2),"") | L65: =IF(J65<>"",VLOOKUP(J65,الجهات!$B$4:$D$23,3),"")
F66: =F65+D66-E66 -> 0 | H66: =IF(G66<>"",VLOOKUP(G66,'ميزان المراجعه'!$C$6:$D$167,2,FALSE),"") | K66: =IF(J66<>"",VLOOKUP(J66,الجهات!$B$4:$D$23,2),"") | L66: =IF(J66<>"",VLOOKUP(J66,الجهات!$B$4:$D$23,3),"")
B67: 45881 | C67: 18 | D67: 150000 | F67: =F66+D67-E67 -> 150000 | G67: 411000 | H67: =IF(G67<>"",VLOOKUP(G67,'ميزان المراجعه'!$C$6:$D$167,2,FALSE),"") -> مشتريات محليه | I67: مشتريات من موردين محليين | K67: =IF(J67<>"",VLOOKUP(J67,الجهات!$B$4:$D$23,2),"") | L67: =IF(J67<>"",VLOOKUP(J67,الجهات!$B$4:$D$23,3),"")
B68: 45881 | C68: 18 | D68: 15000 | F68: =F67+D68-E68 -> 165000 | G68: 125000 | H68: =IF(G68<>"",VLOOKUP(G68,'ميزان المراجعه'!$C$6:$D$167,2,FALSE),"") -> ضريبه القيمه المضافه للمدخلات | I68: مشتريات من موردين محليين | K68: =IF(J68<>"",VLOOKUP(J68,الجهات!$B$4:$D$23,2),"") | L68: =IF(J68<>"",VLOOKUP(J68,الجهات!$B$4:$D$23,3),"")
B69: 45881 | C69: 18 | E69: 165000 | F69: =F68+D69-E69 -> 0 | G69: 231000 | H69: =IF(G69<>"",VLOOKUP(G69,'ميزان المراجعه'!$C$6:$D$167,2,FALSE),"") -> موردون محليون | I69: مشتريات من موردين محليين | J69: 1001 | K69: =IF(J69<>"",VLOOKUP(J69,الجهات!$B$4:$D$23,2),"") -> مورد 1 | L69: =IF(J69<>"",VLOOKUP(J69,الجهات!$B$4:$D$23,3),"") -> مورد
F70: =F69+D70-E70 -> 0 | H70: =IF(G70<>"",VLOOKUP(G70,'ميزان المراجعه'!$C$6:$D$167,2,FALSE),"") | K70: =IF(J70<>"",VLOOKUP(J70,الجهات!$B$4:$D$23,2),"") | L70: =IF(J70<>"",VLOOKUP(J70,الجهات!$B$4:$D$23,3),"")
B71: 45912 | C71: 19 | D71: 30000 | F71: =F70+D71-E71 -> 30000 | G71: 233001 | H71: =IF(G71<>"",VLOOKUP(G71,'ميزان المراجعه'!$C$6:$D$167,2,FALSE),"") -> ضرائب مبيعات/قيمه مضافه | I71: تسويه الضرائب | K71: =IF(J71<>"",VLOOKUP(J71,الجهات!$B$4:$D$23,2),"") | L71: =IF(J71<>"",VLOOKUP(J71,الجهات!$B$4:$D$23,3),"")
B72: 45912 | C72: 19 | E72: 15000 | F72: =F71+D72-E72 -> 15000 | G72: 125000 | H72: =IF(G72<>"",VLOOKUP(G72,'ميزان المراجعه'!$C$6:$D$167,2,FALSE),"") -> ضريبه القيمه المضافه للمدخلات | I72: تسويه الضرائب | K72: =IF(J72<>"",VLOOKUP(J72,الجهات!$B$4:$D$23,2),"") | L72: =IF(J72<>"",VLOOKUP(J72,الجهات!$B$4:$D$23,3),"")
B73: 45912 | C73: 19 | E73: 15000 | F73: =F72+D73-E73 -> 0 | G73: 233003 | H73: =IF(G73<>"",VLOOKUP(G73,'ميزان المراجعه'!$C$6:$D$167,2,FALSE),"") -> مصلحه الضرائب | I73: تسويه الضرائب | K73: =IF(J73<>"",VLOOKUP(J73,الجهات!$B$4:$D$23,2),"") | L73: =IF(J73<>"",VLOOKUP(J73,الجهات!$B$4:$D$23,3),"")
F74: =F73+D74-E74 -> 0 | H74: =IF(G74<>"",VLOOKUP(G74,'ميزان المراجعه'!$C$6:$D$167,2,FALSE),"") | K74: =IF(J74<>"",VLOOKUP(J74,الجهات!$B$4:$D$23,2),"") | L74: =IF(J74<>"",VLOOKUP(J74,الجهات!$B$4:$D$23,3),"")
B75: 45942 | C75: 20 | D75: 5000 | F75: =F74+D75-E75 -> 5000 | G75: 233003 | H75: =IF(G75<>"",VLOOKUP(G75,'ميزان المراجعه'!$C$6:$D$167,2,FALSE),"") -> مصلحه الضرائب | I75: سداد المستحق للمصلحه | K75: =IF(J75<>"",VLOOKUP(J75,الجهات!$B$4:$D$23,2),"") | L75: =IF(J75<>"",VLOOKUP(J75,الجهات!$B$4:$D$23,3),"")
B76: 45942 | C76: 20 | E76: 5000 | F76: =F75+D76-E76 -> 0 | G76: 121002 | H76: =IF(G76<>"",VLOOKUP(G76,'ميزان المراجعه'!$C$6:$D$167,2,FALSE),"") -> حساب البنك الاهلي | I76: سداد المستحق للمصلحه | K76: =IF(J76<>"",VLOOKUP(J76,الجهات!$B$4:$D$23,2),"") | L76: =IF(J76<>"",VLOOKUP(J76,الجهات!$B$4:$D$23,3),"")
F77: =F76+D77-E77 -> 0 | H77: =IF(G77<>"",VLOOKUP(G77,'ميزان المراجعه'!$C$6:$D$167,2,FALSE),"") | K77: =IF(J77<>"",VLOOKUP(J77,الجهات!$B$4:$D$23,2),"") | L77: =IF(J77<>"",VLOOKUP(J77,الجهات!$B$4:$D$23,3),"")
B78: 46003 | C78: 21 | D78: 100000 | F78: =F77+D78-E78 -> 100000 | G78: 231000 | H78: =IF(G78<>"",VLOOKUP(G78,'ميزان المراجعه'!$C$6:$D$167,2,FALSE),"") -> موردون محليون | I78: سداد دفعه من قيمه المشتريات | J78: 1001 | K78: =IF(J78<>"",VLOOKUP(J78,الجهات!$B$4:$D$23,2),"") -> مورد 1 | L78: =IF(J78<>"",VLOOKUP(J78,الجهات!$B$4:$D$23,3),"") -> مورد
B79: 46003 | C79: 21 | D79: 1000 | F79: =F78+D79-E79 -> 101000 | G79: 431002 | H79: =IF(G79<>"",VLOOKUP(G79,'ميزان المراجعه'!$C$6:$D$167,2,FALSE),"") -> مصاريف بنكيه | I79: سداد دفعه من قيمه المشتريات | K79: =IF(J79<>"",VLOOKUP(J79,الجهات!$B$4:$D$23,2),"") | L79: =IF(J79<>"",VLOOKUP(J79,الجهات!$B$4:$D$23,3),"")
B80: 46003 | C80: 21 | E80: 101000 | F80: =F79+D80-E80 -> 0 | G80: 121002 | H80: =IF(G80<>"",VLOOKUP(G80,'ميزان المراجعه'!$C$6:$D$167,2,FALSE),"") -> حساب البنك الاهلي | I80: سداد دفعه من قيمه المشتريات | K80: =IF(J80<>"",VLOOKUP(J80,الجهات!$B$4:$D$23,2),"") | L80: =IF(J80<>"",VLOOKUP(J80,الجهات!$B$4:$D$23,3),"")
F81: =F80+D81-E81 -> 0 | H81: =IF(G81<>"",VLOOKUP(G81,'ميزان المراجعه'!$C$6:$D$167,2,FALSE),"") | K81: =IF(J81<>"",VLOOKUP(J81,الجهات!$B$4:$D$23,2),"") | L81: =IF(J81<>"",VLOOKUP(J81,الجهات!$B$4:$D$23,3),"")
B82: 15/12/2025 | C82: 22 | D82: 50000 | F82: =F81+D82-E82 -> 50000 | G82: 121002 | H82: =IF(G82<>"",VLOOKUP(G82,'ميزان المراجعه'!$C$6:$D$167,2,FALSE),"") -> حساب البنك الاهلي | I82: تحصيل دفعه من العملاء | K82: =IF(J82<>"",VLOOKUP(J82,الجهات!$B$4:$D$23,2),"") | L82: =IF(J82<>"",VLOOKUP(J82,الجهات!$B$4:$D$23,3),"")
B83: 15/12/2025 | C83: 22 | E83: 50000 | F83: =F82+D83-E83 -> 0 | G83: 122000 | H83: =IF(G83<>"",VLOOKUP(G83,'ميزان المراجعه'!$C$6:$D$167,2,FALSE),"") -> العملاء المحليون | I83: تحصيل دفعه من العملاء | J83: 2002 | K83: =IF(J83<>"",VLOOKUP(J83,الجهات!$B$4:$D$23,2),"") -> عميل 2 | L83: =IF(J83<>"",VLOOKUP(J83,الجهات!$B$4:$D$23,3),"") -> عميل
F84: =F83+D84-E84 -> 0 | H84: =IF(G84<>"",VLOOKUP(G84,'ميزان المراجعه'!$C$6:$D$167,2,FALSE),"") | K84: =IF(J84<>"",VLOOKUP(J84,الجهات!$B$4:$D$23,2),"") | L84: =IF(J84<>"",VLOOKUP(J84,الجهات!$B$4:$D$23,3),"")
B85: 31/12/2025 | C85: 23 | D85: 3750 | F85: =F84+D85-E85 -> 3750 | G85: 421005 | H85: =IF(G85<>"",VLOOKUP(G85,'ميزان المراجعه'!$C$6:$D$167,2,FALSE),"") -> اهلاك اثاث ومعدات | I85: مصروف اهلاك اثاث ومعدات | K85: =IF(J85<>"",VLOOKUP(J85,الجهات!$B$4:$D$23,2),"") | L85: =IF(J85<>"",VLOOKUP(J85,الجهات!$B$4:$D$23,3),"")
B86: 31/12/2025 | C86: 23 | D86: 10000 | F86: =F85+D86-E86 -> 13750 | G86: 421006 | H86: =IF(G86<>"",VLOOKUP(G86,'ميزان المراجعه'!$C$6:$D$167,2,FALSE),"") -> اهلاك سيارات | I86: مصروف اهلاك اثاث ومعدات | K86: =IF(J86<>"",VLOOKUP(J86,الجهات!$B$4:$D$23,2),"") | L86: =IF(J86<>"",VLOOKUP(J86,الجهات!$B$4:$D$23,3),"")
D87: 2500 | F87: =F86+D87-E87 -> 16250 | G87: 421007 | H87: =IF(G87<>"",VLOOKUP(G87,'ميزان المراجعه'!$C$6:$D$167,2,FALSE),"") -> اهلاك اجهزه حاسب | K87: =IF(J87<>"",VLOOKUP(J87,الجهات!$B$4:$D$23,2),"") | L87: =IF(J87<>"",VLOOKUP(J87,الجهات!$B$4:$D$23,3),"")
E88: 16250 | F88: =F87+D88-E88 -> 0 | G88: 111005 | H88: =IF(G88<>"",VLOOKUP(G88,'ميزان المراجعه'!$C$6:$D$167,2,FALSE),"") -> مجمع الاهلاك
F89: =F88+D89-E89 -> 0 | H89: =IF(G89<>"",VLOOKUP(G89,'ميزان المراجعه'!$C$6:$D$167,2,FALSE),"")
F90: =F89+D90-E90 -> 0 | H90: =IF(G90<>"",VLOOKUP(G90,'ميزان المراجعه'!$C$6:$D$167,2,FALSE),"")
B91: 31/12/2025 | C91: 26 | D91: 20000 | F91: =F90+D91-E91 -> 20000 | G91: 442000 | H91: =IF(G91<>"",VLOOKUP(G91,'ميزان المراجعه'!$C$6:$D$167,2,FALSE),"") -> مصروف ضرائب | I91: ضرائب للمصلحه | K91: =IF(J91<>"",VLOOKUP(J91,الجهات!$B$4:$D$23,2),"") | L91: =IF(J91<>"",VLOOKUP(J91,الجهات!$B$4:$D$23,3),"")
B92: 31/12/2025 | C92: 26 | E92: 20000 | F92: =F91+D92-E92 -> 0 | G92: 121002 | H92: =IF(G92<>"",VLOOKUP(G92,'ميزان المراجعه'!$C$6:$D$167,2,FALSE),"") -> حساب البنك الاهلي | I92: ضرائب للمصلحه | K92: =IF(J92<>"",VLOOKUP(J92,الجهات!$B$4:$D$23,2),"") | L92: =IF(J92<>"",VLOOKUP(J92,الجهات!$B$4:$D$23,3),"")
F93: =F92+D93-E93 -> 0 | H93: =IF(G93<>"",VLOOKUP(G93,'ميزان المراجعه'!$C$6:$D$167,2,FALSE),"") | K93: =IF(J93<>"",VLOOKUP(J93,الجهات!$B$4:$D$23,2),"") | L93: =IF(J93<>"",VLOOKUP(J93,الجهات!$B$4:$D$23,3),"")
F94: =F93+D94-E94 -> 0 | H94: =IF(G94<>"",VLOOKUP(G94,'ميزان المراجعه'!$C$6:$D$167,2,FALSE),"") | K94: =IF(J94<>"",VLOOKUP(J94,الجهات!$B$4:$D$23,2),"") | L94: =IF(J94<>"",VLOOKUP(J94,الجهات!$B$4:$D$23,3),"")
F95: =F94+D95-E95 -> 0 | H95: =IF(G95<>"",VLOOKUP(G95,'ميزان المراجعه'!$C$6:$D$167,2,FALSE),"") | K95: =IF(J95<>"",VLOOKUP(J95,الجهات!$B$4:$D$23,2),"") | L95: =IF(J95<>"",VLOOKUP(J95,الجهات!$B$4:$D$23,3),"")
F96: =F95+D96-E96 -> 0 | H96: =IF(G96<>"",VLOOKUP(G96,'ميزان المراجعه'!$C$6:$D$167,2,FALSE),"") | K96: =IF(J96<>"",VLOOKUP(J96,الجهات!$B$4:$D$23,2),"") | L96: =IF(J96<>"",VLOOKUP(J96,الجهات!$B$4:$D$23,3),"")
F97: =F96+D97-E97 -> 0 | H97: =IF(G97<>"",VLOOKUP(G97,'ميزان المراجعه'!$C$6:$D$167,2,FALSE),"") | K97: =IF(J97<>"",VLOOKUP(J97,الجهات!$B$4:$D$23,2),"") | L97: =IF(J97<>"",VLOOKUP(J97,الجهات!$B$4:$D$23,3),"")
F98: =F97+D98-E98 -> 0 | H98: =IF(G98<>"",VLOOKUP(G98,'ميزان المراجعه'!$C$6:$D$167,2,FALSE),"") | K98: =IF(J98<>"",VLOOKUP(J98,الجهات!$B$4:$D$23,2),"") | L98: =IF(J98<>"",VLOOKUP(J98,الجهات!$B$4:$D$23,3),"")
F99: =F98+D99-E99 -> 0 | H99: =IF(G99<>"",VLOOKUP(G99,'ميزان المراجعه'!$C$6:$D$167,2,FALSE),"") | K99: =IF(J99<>"",VLOOKUP(J99,الجهات!$B$4:$D$23,2),"") | L99: =IF(J99<>"",VLOOKUP(J99,الجهات!$B$4:$D$23,3),"")
F100: =F99+D100-E100 -> 0 | H100: =IF(G100<>"",VLOOKUP(G100,'ميزان المراجعه'!$C$6:$D$167,2,FALSE),"") | K100: =IF(J100<>"",VLOOKUP(J100,الجهات!$B$4:$D$23,2),"") | L100: =IF(J100<>"",VLOOKUP(J100,الجهات!$B$4:$D$23,3),"")
F101: =F100+D101-E101 -> 0 | H101: =IF(G101<>"",VLOOKUP(G101,'ميزان المراجعه'!$C$6:$D$167,2,FALSE),"") | K101: =IF(J101<>"",VLOOKUP(J101,الجهات!$B$4:$D$23,2),"") | L101: =IF(J101<>"",VLOOKUP(J101,الجهات!$B$4:$D$23,3),"")
...

Sheet الجهات
B3: رقم الجهه | C3: اسم الجهه | D3: نوع الجهه | E3: رصيد اول المده | G3: حركه الفتره | I3: رصيد اخر المده
E4: مدين | F4: دائن | G4: مدين | H4: دائن | I4: مدين | J4: دائن
B5: 1001 | C5: مورد 1 | D5: مورد | G5: =SUMIF('قيود اليوميه'!J:J,الجهات!B5,'قيود اليوميه'!D:D) -> 100000 | H5: =SUMIF('قيود اليوميه'!J:J,الجهات!B5,'قيود اليوميه'!E:E) -> 165000 | I5: =IF(E5-F5+G5-H5>0,E5-F5+G5-H5,"") | J5: =IF(F5-E5+H5-G5>0,F5-E5+H5-G5,"") -> 65000
B6: 1002 | C6: مورد2 | D6: مورد | G6: =SUMIF('قيود اليوميه'!J:J,الجهات!B6,'قيود اليوميه'!D:D) -> 0 | H6: =SUMIF('قيود اليوميه'!J:J,الجهات!B6,'قيود اليوميه'!E:E) -> 0 | I6: =IF(E6-F6+G6-H6>0,E6-F6+G6-H6,"") | J6: =IF(F6-E6+H6-G6>0,F6-E6+H6-G6,"")
B7: 1003 | C7: مورد3 | D7: مورد | G7: =SUMIF('قيود اليوميه'!J:J,الجهات!B7,'قيود اليوميه'!D:D) -> 0 | H7: =SUMIF('قيود اليوميه'!J:J,الجهات!B7,'قيود اليوميه'!E:E) -> 0 | I7: =IF(E7-F7+G7-H7>0,E7-F7+G7-H7,"") | J7: =IF(F7-E7+H7-G7>0,F7-E7+H7-G7,"")
B8: 2001 | C8: عميل 1 | D8: عميل | G8: =SUMIF('قيود اليوميه'!J:J,الجهات!B8,'قيود اليوميه'!D:D) -> 0 | H8: =SUMIF('قيود اليوميه'!J:J,الجهات!B8,'قيود اليوميه'!E:E) -> 0 | I8: =IF(E8-F8+G8-H8>0,E8-F8+G8-H8,"") | J8: =IF(F8-E8+H8-G8>0,F8-E8+H8-G8,"")
B9: 2002 | C9: عميل 2 | D9: عميل | G9: =SUMIF('قيود اليوميه'!J:J,الجهات!B9,'قيود اليوميه'!D:D) -> 330000 | H9: =SUMIF('قيود اليوميه'!J:J,الجهات!B9,'قيود اليوميه'!E:E) -> 50000 | I9: =IF(E9-F9+G9-H9>0,E9-F9+G9-H9,"") -> 280000 | J9: =IF(F9-E9+H9-G9>0,F9-E9+H9-G9,"")
B10: 2003 | C10: عميل 3 | D10: عميل | G10: =SUMIF('قيود اليوميه'!J:J,الجهات!B10,'قيود اليوميه'!D:D) -> 0 | H10: =SUMIF('قيود اليوميه'!J:J,الجهات!B10,'قيود اليوميه'!E:E) -> 0 | I10: =IF(E10-F10+G10-H10>0,E10-F10+G10-H10,"") | J10: =IF(F10-E10+H10-G10>0,F10-E10+H10-G10,"")
B11: 3001 | C11: احمد علي | D11: موظف | G11: =SUMIF('قيود اليوميه'!J:J,الجهات!B11,'قيود اليوميه'!D:D) -> 5000 | H11: =SUMIF('قيود اليوميه'!J:J,الجهات!B11,'قيود اليوميه'!E:E) -> 1000 | I11: =IF(E11-F11+G11-H11>0,E11-F11+G11-H11,"") -> 4000 | J11: =IF(F11-E11+H11-G11>0,F11-E11+H11-G11,"")
B12: 3002 | C12: محمود علي | D12: موظف | G12: =SUMIF('قيود اليوميه'!J:J,الجهات!B12,'قيود اليوميه'!D:D) -> 0 | H12: =SUMIF('قيود اليوميه'!J:J,الجهات!B12,'قيود اليوميه'!E:E) -> 0 | I12: =IF(E12-F12+G12-H12>0,E12-F12+G12-H12,"") | J12: =IF(F12-E12+H12-G12>0,F12-E12+H12-G12,"")
B13: الاجمالي | E13: =SUBTOTAL(9,E5:E12) -> 0 | F13: =SUBTOTAL(9,F5:F12) -> 0 | G13: =SUBTOTAL(9,G5:G12) -> 435000 | H13: =SUBTOTAL(9,H5:H12) -> 216000 | I13: =SUBTOTAL(9,I5:I12) -> 284000 | J13: =SUBTOTAL(9,J5:J12) -> 65000

Sheet قائمه الدخل
C3: قائمه الدخل عن عام 2025
C5: التبويب | D5: 2025
C6: ايرادات النشاط الرئيسي | D6: =SUMIF('ميزان المراجعه'!$Q:$Q,'قائمه الدخل'!C6,'ميزان المراجعه'!O:O) -> 300000
C7: تكلفه البضاعه المباعه | D7: =SUMIF('ميزان المراجعه'!$Q:$Q,'قائمه الدخل'!C7,'ميزان المراجعه'!O:O) -> -150000
C8: مجمل الربح | D8: =SUM(D6:D7) -> 150000 | E8: =D8/$D$6 -> 0.5
C9: مصروفات التشغيل | D9: =SUMIF('ميزان المراجعه'!$Q:$Q,'قائمه الدخل'!C9,'ميزان المراجعه'!O:O) -> -47500
C10: الربح التشغيلي | D10: =SUM(D8:D9) -> 102500 | E10: =D10/$D$6 -> 0.34166667
C11: مصروفات اخري | D11: =SUMIF('ميزان المراجعه'!$Q:$Q,'قائمه الدخل'!C11,'ميزان المراجعه'!O:O) -> 0
C12: مصروفات ماليه | D12: =SUMIF('ميزان المراجعه'!$Q:$Q,'قائمه الدخل'!C12,'ميزان المراجعه'!O:O) -> -8900
C13: ايرادات اخري | D13: =SUMIF('ميزان المراجعه'!$Q:$Q,'قائمه الدخل'!C13,'ميزان المراجعه'!O:O) -> 0
C14: الربح قبل االضريبه | D14: =SUM(D10:D13) -> 93600 | E14: =D14/$D$6 -> 0.312
C15: مصروف ضرائب | D15: =SUMIF('ميزان المراجعه'!$Q:$Q,'قائمه الدخل'!C15,'ميزان المراجعه'!O:O) -> -20000
C16: صافي الربح | D16: =SUM(D14:D15) -> 73600 | E16: =D16/$D$6 -> 0.24533333

Sheet قائمه المركز المالي
B3: قائمه المركز المالي عن عام 2025
C5: اصول غير متداوله | D5: 2025 عام
C6: الاصول الثابته | D6: =SUMIF('ميزان المراجعه'!$P:$P,'قائمه المركز المالي'!C6,'ميزان المراجعه'!$O:$O)*-1 -> 208750
C7: الاستثمارات طويله الاجل | D7: =SUMIF('ميزان المراجعه'!$P:$P,'قائمه المركز المالي'!C7,'ميزان المراجعه'!$O:$O)*-1 -> 0
C8: الودائع والتامينات طويله الاجل | D8: =SUMIF('ميزان المراجعه'!$P:$P,'قائمه المركز المالي'!C8,'ميزان المراجعه'!$O:$O)*-1 -> 0
C9: اجمالي الاصول غير المتداوله | D9: =SUM(D6:D8) -> 208750
C10: اصول متداوله
C11: النقديه زما في حكمها | D11: =SUMIF('ميزان المراجعه'!$P:$P,'قائمه المركز المالي'!C11,'ميزان المراجعه'!$O:$O)*-1 -> 1520850
C12: العملاء والمدينون | D12: =SUMIF('ميزان المراجعه'!$P:$P,'قائمه المركز المالي'!C12,'ميزان المراجعه'!$O:$O)*-1 -> 280000
C13: المخزون | D13: =SUMIF('ميزان المراجعه'!$P:$P,'قائمه المركز المالي'!C13,'ميزان المراجعه'!$O:$O)*-1 -> 135000
C14: ارصده مدينه اخري | D14: =SUMIF('ميزان المراجعه'!$P:$P,'قائمه المركز المالي'!C14,'ميزان المراجعه'!$O:$O)*-1 -> 4000
C15: اجمالي الاصول المتداوله | D15: =SUM(D11:D14) -> 1939850
C16: اجمالي الاصول | D16: =D15+D9 -> 2148600
C17: حقوق الملكيه
C18: راس المال | D18: =SUMIF('ميزان المراجعه'!$P:$P,'قائمه المركز المالي'!C18,'ميزان المراجعه'!$O:$O) -> 2000000
C19: الاحتياطيات
C20: ارباح مبقاه | D20: ='قائمه الدخل'!D16 -> 73600
C21: اجمالي حقوق الملكيه | D21: =SUM(D17:D20) -> 2073600
C22: التزامات غير متداوله
C23: القروض طويله الاجل | D23: =SUMIF('ميزان المراجعه'!$P:$P,'قائمه المركز المالي'!C23,'ميزان المراجعه'!$O:$O) -> 0
C24: التزامات للموظفين | D24: =SUMIF('ميزان المراجعه'!$P:$P,'قائمه المركز المالي'!C24,'ميزان المراجعه'!$O:$O) -> 0
C25: التزامات ضمان | D25: =SUMIF('ميزان المراجعه'!$P:$P,'قائمه المركز المالي'!C25,'ميزان المراجعه'!$O:$O) -> 0
C26: التزامات طويله الاجل اخري | D26: =SUMIF('ميزان المراجعه'!$P:$P,'قائمه المركز المالي'!C26,'ميزان المراجعه'!$O:$O) -> 0
C27: اجمالي التزامات غير متداوله | D27: =SUM(D22:D26) -> 0
C28: التزامات متداوله
C29: الدائنون والموردون | D29: =SUMIF('ميزان المراجعه'!$P:$P,'قائمه المركز المالي'!C29,'ميزان المراجعه'!$O:$O) -> 65000
C30: المصروفات المستحقه | D30: =SUMIF('ميزان المراجعه'!$P:$P,'قائمه المركز المالي'!C30,'ميزان المراجعه'!$O:$O) -> 0
C31: الضرائب والرسوم المستحقه | D31: =SUMIF('ميزان المراجعه'!$P:$P,'قائمه المركز المالي'!C31,'ميزان المراجعه'!$O:$O) -> 10000
C32: ارصده دائنه اخري | D32: =SUMIF('ميزان المراجعه'!$P:$P,'قائمه المركز المالي'!C32,'ميزان المراجعه'!$O:$O) -> 0
C33: المستحق الي الشركاء | D33: =SUMIF('ميزان المراجعه'!$P:$P,'قائمه المركز المالي'!C33,'ميزان المراجعه'!$O:$O) -> 0
C34: اجمالي التزامات متداوله | D34: =SUM(D29:D33) -> 75000
C35: اجمالي الالتزامات وحقوق الملكيه | D35: =D34+D27+D21 -> 2148600

Sheet الحركات علي المخزون
B4: رقم العمليه | C4: نوع العمليه | D4: التاريخ | E4: الشهر | F4: كود الصنف | G4: اسم الصنف | H4: وحده القياس | I4: اول المده | J4: وارد | K4: صادر | L4: الرصيد | M4: السعر للوحده | N4: القيمه الاجماليه | O4: تكلفه الوحده | P4: كود المورد | Q4: اسم المورد | R4: رقم الفاتوره | S4: كود العميل | T4: اسم العميل
B5: 10001 | C5: سند ادخال | D5: 45667 | E5: =IF(D5<>"",TEXT(D5,"mmmm"),"") -> January | F5: 10001 | G5: =IF(F5<>"",VLOOKUP(F5,'العملاءوالموردون والاصناف'!$D$3:$F$6,2,FALSE),"") -> صنف1 | H5: =IF(F5<>"",VLOOKUP(F5,'العملاءوالموردون والاصناف'!$D$3:$F$6,3,FALSE),"") -> متر | I5: 0 | J5: 150 | K5: 0 | L5: =I5+J5-K5 -> 150 | M5: 300 | N5: =M5*L5 -> 45000 | O5: =IFERROR(N5/L5,"") -> 300 | P5: 20002 | Q5: =IF(P5<>"",VLOOKUP(P5,'العملاءوالموردون والاصناف'!$I$3:$J$6,2,FALSE),"") -> المورد رقم1
B6: 10002 | C6: سند ادخال | D6: 45698 | E6: =IF(D6<>"",TEXT(D6,"mmmm"),"") -> February | F6: 10001 | G6: =IF(F6<>"",VLOOKUP(F6,'العملاءوالموردون والاصناف'!$D$3:$F$6,2,FALSE),"") -> صنف1 | H6: =IF(F6<>"",VLOOKUP(F6,'العملاءوالموردون والاصناف'!$D$3:$F$6,3,FALSE),"") -> متر | I6: 0 | J6: 100 | K6: 0 | L6: =I6+J6-K6 -> 100 | M6: 300 | N6: =M6*L6 -> 30000 | O6: =IFERROR(N6/L6,"") -> 300 | P6: 20002 | Q6: =IF(P6<>"",VLOOKUP(P6,'العملاءوالموردون والاصناف'!$I$3:$J$6,2,FALSE),"") -> المورد رقم1 | T6: =IF(S6<>"",VLOOKUP(S6,'العملاءوالموردون والاصناف'!$M$3:$N$6,2,FALSE),"")
B7: 10003 | C7: سند ادخال | D7: 45726 | E7: =IF(D7<>"",TEXT(D7,"mmmm"),"") -> March | F7: 10002 | G7: =IF(F7<>"",VLOOKUP(F7,'العملاءوالموردون والاصناف'!$D$3:$F$6,2,FALSE),"") -> صنف2 | H7: =IF(F7<>"",VLOOKUP(F7,'العملاءوالموردون والاصناف'!$D$3:$F$6,3,FALSE),"") -> كيلو | I7: 0 | J7: 100 | K7: 0 | L7: =I7+J7-K7 -> 100 | M7: 250 | N7: =M7*L7 -> 25000 | O7: =IFERROR(N7/L7,"") -> 250 | P7: 20003 | Q7: =IF(P7<>"",VLOOKUP(P7,'العملاءوالموردون والاصناف'!$I$3:$J$6,2,FALSE),"") -> المورد رقم2 | T7: =IF(S7<>"",VLOOKUP(S7,'العملاءوالموردون والاصناف'!$M$3:$N$6,2,FALSE),"")
B8: 10004 | C8: سند ادخال | D8: 45727 | E8: =IF(D8<>"",TEXT(D8,"mmmm"),"") -> March | F8: 10003 | G8: =IF(F8<>"",VLOOKUP(F8,'العملاءوالموردون والاصناف'!$D$3:$F$6,2,FALSE),"") -> صنف3 | H8: =IF(F8<>"",VLOOKUP(F8,'العملاءوالموردون والاصناف'!$D$3:$F$6,3,FALSE),"") -> حبه | I8: 0 | J8: 100 | K8: 0 | L8: =I8+J8-K8 -> 100 | M8: 250 | N8: =M8*L8 -> 25000 | O8: =IFERROR(N8/L8,"") -> 250 | P8: 20003 | Q8: =IF(P8<>"",VLOOKUP(P8,'العملاءوالموردون والاصناف'!$I$3:$J$6,2,FALSE),"") -> المورد رقم2 | T8: =IF(S8<>"",VLOOKUP(S8,'العملاءوالموردون والاصناف'!$M$3:$N$6,2,FALSE),"")
B9: 10005 | C9: سند ادخال | D9: 45759 | E9: =IF(D9<>"",TEXT(D9,"mmmm"),"") -> April | F9: 10001 | G9: =IF(F9<>"",VLOOKUP(F9,'العملاءوالموردون والاصناف'!$D$3:$F$6,2,FALSE),"") -> صنف1 | H9: =IF(F9<>"",VLOOKUP(F9,'العملاءوالموردون والاصناف'!$D$3:$F$6,3,FALSE),"") -> متر | I9: 0 | J9: 125 | K9: 0 | L9: =I9+J9-K9 -> 125 | M9: 200 | N9: =M9*L9 -> 25000 | O9: =IFERROR(N9/L9,"") -> 200 | P9: 20004 | Q9: =IF(P9<>"",VLOOKUP(P9,'العملاءوالموردون والاصناف'!$I$3:$J$6,2,FALSE),"") -> المورد رقم3 | T9: =IF(S9<>"",VLOOKUP(S9,'العملاءوالموردون والاصناف'!$M$3:$N$6,2,FALSE),"")
B10: 10006 | C10: سند صرف | D10: 45790 | E10: =IF(D10<>"",TEXT(D10,"mmmm"),"") -> May | F10: 10001 | G10: =IF(F10<>"",VLOOKUP(F10,'العملاءوالموردون والاصناف'!$D$3:$F$6,2,FALSE),"") -> صنف1 | H10: =IF(F10<>"",VLOOKUP(F10,'العملاءوالموردون والاصناف'!$D$3:$F$6,3,FALSE),"") -> متر | I10: 0 | K10: 200 | L10: =I10+J10-K10 -> -200 | M10: 266.66667 | N10: =M10*L10 -> -53333.333 | O10: =IFERROR(N10/L10,"") -> 266.66667 | Q10: =IF(P10<>"",VLOOKUP(P10,'العملاءوالموردون والاصناف'!$I$3:$J$6,2,FALSE),"") | R10: 50001 | S10: 30003 | T10: =IF(S10<>"",VLOOKUP(S10,'العملاءوالموردون والاصناف'!$M$3:$N$6,2,FALSE),"") -> عميل 3
B11: 10007 | C11: سند صرف | D11: 45791 | E11: =IF(D11<>"",TEXT(D11,"mmmm"),"") -> May | F11: 10003 | G11: =IF(F11<>"",VLOOKUP(F11,'العملاءوالموردون والاصناف'!$D$3:$F$6,2,FALSE),"") -> صنف3 | H11: =IF(F11<>"",VLOOKUP(F11,'العملاءوالموردون والاصناف'!$D$3:$F$6,3,FALSE),"") -> حبه | I11: 0 | K11: 75 | L11: =I11+J11-K11 -> -75 | M11: 250 | N11: =M11*L11 -> -18750 | O11: =IFERROR(N11/L11,"") -> 250 | R11: 50003 | S11: 30002 | T11: =IF(S11<>"",VLOOKUP(S11,'العملاءوالموردون والاصناف'!$M$3:$N$6,2,FALSE),"") -> عميل 2
E12: =IF(D12<>"",TEXT(D12,"mmmm"),"") | G12: =IF(F12<>"",VLOOKUP(F12,'العملاءوالموردون والاصناف'!$D$3:$F$6,2,FALSE),"") | H12: =IF(F12<>"",VLOOKUP(F12,'العملاءوالموردون والاصناف'!$D$3:$F$6,3,FALSE),"") | L12: =I12+J12-K12 -> 0 | N12: =M12*L12 -> 0 | O12: =IFERROR(N12/L12,"") | Q12: =IF(P12<>"",VLOOKUP(P12,'العملاءوالموردون والاصناف'!$I$3:$J$6,2,FALSE),"") | T12: =IF(S12<>"",VLOOKUP(S12,'العملاءوالموردون والاصناف'!$M$3:$N$6,2,FALSE),"")
E13: =IF(D13<>"",TEXT(D13,"mmmm"),"") | G13: =IF(F13<>"",VLOOKUP(F13,'العملاءوالموردون والاصناف'!$D$3:$F$6,2,FALSE),"") | H13: =IF(F13<>"",VLOOKUP(F13,'العملاءوالموردون والاصناف'!$D$3:$F$6,3,FALSE),"") | L13: =I13+J13-K13 -> 0 | N13: =M13*L13 -> 0 | O13: =IFERROR(N13/L13,"") | Q13: =IF(P13<>"",VLOOKUP(P13,'العملاءوالموردون والاصناف'!$I$3:$J$6,2,FALSE),"") | T13: =IF(S13<>"",VLOOKUP(S13,'العملاءوالموردون والاصناف'!$M$3:$N$6,2,FALSE),"")
E14: =IF(D14<>"",TEXT(D14,"mmmm"),"") | G14: =IF(F14<>"",VLOOKUP(F14,'العملاءوالموردون والاصناف'!$D$3:$F$6,2,FALSE),"") | H14: =IF(F14<>"",VLOOKUP(F14,'العملاءوالموردون والاصناف'!$D$3:$F$6,3,FALSE),"") | L14: =I14+J14-K14 -> 0 | N14: =M14*L14 -> 0 | O14: =IFERROR(N14/L14,"") | Q14: =IF(P14<>"",VLOOKUP(P14,'العملاءوالموردون والاصناف'!$I$3:$J$6,2,FALSE),"") | T14: =IF(S14<>"",VLOOKUP(S14,'العملاءوالموردون والاصناف'!$M$3:$N$6,2,FALSE),"")
E15: =IF(D15<>"",TEXT(D15,"mmmm"),"") | G15: =IF(F15<>"",VLOOKUP(F15,'العملاءوالموردون والاصناف'!$D$3:$F$6,2,FALSE),"") | H15: =IF(F15<>"",VLOOKUP(F15,'العملاءوالموردون والاصناف'!$D$3:$F$6,3,FALSE),"") | L15: =I15+J15-K15 -> 0 | N15: =M15*L15 -> 0 | O15: =IFERROR(N15/L15,"") | Q15: =IF(P15<>"",VLOOKUP(P15,'العملاءوالموردون والاصناف'!$I$3:$J$6,2,FALSE),"") | T15: =IF(S15<>"",VLOOKUP(S15,'العملاءوالموردون والاصناف'!$M$3:$N$6,2,FALSE),"")
E16: =IF(D16<>"",TEXT(D16,"mmmm"),"") | G16: =IF(F16<>"",VLOOKUP(F16,'العملاءوالموردون والاصناف'!$D$3:$F$6,2,FALSE),"") | H16: =IF(F16<>"",VLOOKUP(F16,'العملاءوالموردون والاصناف'!$D$3:$F$6,3,FALSE),"") | L16: =I16+J16-K16 -> 0 | N16: =M16*L16 -> 0 | O16: =IFERROR(N16/L16,"") | Q16: =IF(P16<>"",VLOOKUP(P16,'العملاءوالموردون والاصناف'!$I$3:$J$6,2,FALSE),"") | T16: =IF(S16<>"",VLOOKUP(S16,'العملاءوالموردون والاصناف'!$M$3:$N$6,2,FALSE),"")
E17: =IF(D17<>"",TEXT(D17,"mmmm"),"") | G17: =IF(F17<>"",VLOOKUP(F17,'العملاءوالموردون والاصناف'!$D$3:$F$6,2,FALSE),"") | H17: =IF(F17<>"",VLOOKUP(F17,'العملاءوالموردون والاصناف'!$D$3:$F$6,3,FALSE),"") | L17: =I17+J17-K17 -> 0 | N17: =M17*L17 -> 0 | O17: =IFERROR(N17/L17,"") | Q17: =IF(P17<>"",VLOOKUP(P17,'العملاءوالموردون والاصناف'!$I$3:$J$6,2,FALSE),"") | T17: =IF(S17<>"",VLOOKUP(S17,'العملاءوالموردون والاصناف'!$M$3:$N$6,2,FALSE),"")
E18: =IF(D18<>"",TEXT(D18,"mmmm"),"") | G18: =IF(F18<>"",VLOOKUP(F18,'العملاءوالموردون والاصناف'!$D$3:$F$6,2,FALSE),"") | H18: =IF(F18<>"",VLOOKUP(F18,'العملاءوالموردون والاصناف'!$D$3:$F$6,3,FALSE),"") | L18: =I18+J18-K18 -> 0 | N18: =M18*L18 -> 0 | O18: =IFERROR(N18/L18,"") | Q18: =IF(P18<>"",VLOOKUP(P18,'العملاءوالموردون والاصناف'!$I$3:$J$6,2,FALSE),"") | T18: =IF(S18<>"",VLOOKUP(S18,'العملاءوالموردون والاصناف'!$M$3:$N$6,2,FALSE),"")
E19: =IF(D19<>"",TEXT(D19,"mmmm"),"") | G19: =IF(F19<>"",VLOOKUP(F19,'العملاءوالموردون والاصناف'!$D$3:$F$6,2,FALSE),"") | H19: =IF(F19<>"",VLOOKUP(F19,'العملاءوالموردون والاصناف'!$D$3:$F$6,3,FALSE),"") | L19: =I19+J19-K19 -> 0 | N19: =M19*L19 -> 0 | O19: =IFERROR(N19/L19,"") | Q19: =IF(P19<>"",VLOOKUP(P19,'العملاءوالموردون والاصناف'!$I$3:$J$6,2,FALSE),"") | T19: =IF(S19<>"",VLOOKUP(S19,'العملاءوالموردون والاصناف'!$M$3:$N$6,2,FALSE),"")
E20: =IF(D20<>"",TEXT(D20,"mmmm"),"") | G20: =IF(F20<>"",VLOOKUP(F20,'العملاءوالموردون والاصناف'!$D$3:$F$6,2,FALSE),"") | H20: =IF(F20<>"",VLOOKUP(F20,'العملاءوالموردون والاصناف'!$D$3:$F$6,3,FALSE),"") | L20: =I20+J20-K20 -> 0 | N20: =M20*L20 -> 0 | O20: =IFERROR(N20/L20,"") | Q20: =IF(P20<>"",VLOOKUP(P20,'العملاءوالموردون والاصناف'!$I$3:$J$6,2,FALSE),"") | T20: =IF(S20<>"",VLOOKUP(S20,'العملاءوالموردون والاصناف'!$M$3:$N$6,2,FALSE),"")
E21: =IF(D21<>"",TEXT(D21,"mmmm"),"") | G21: =IF(F21<>"",VLOOKUP(F21,'العملاءوالموردون والاصناف'!$D$3:$F$6,2,FALSE),"") | H21: =IF(F21<>"",VLOOKUP(F21,'العملاءوالموردون والاصناف'!$D$3:$F$6,3,FALSE),"") | L21: =I21+J21-K21 -> 0 | N21: =M21*L21 -> 0 | O21: =IFERROR(N21/L21,"") | Q21: =IF(P21<>"",VLOOKUP(P21,'العملاءوالموردون والاصناف'!$I$3:$J$6,2,FALSE),"") | T21: =IF(S21<>"",VLOOKUP(S21,'العملاءوالموردون والاصناف'!$M$3:$N$6,2,FALSE),"")
E22: =IF(D22<>"",TEXT(D22,"mmmm"),"") | G22: =IF(F22<>"",VLOOKUP(F22,'العملاءوالموردون والاصناف'!$D$3:$F$6,2,FALSE),"") | H22: =IF(F22<>"",VLOOKUP(F22,'العملاءوالموردون والاصناف'!$D$3:$F$6,3,FALSE),"") | L22: =I22+J22-K22 -> 0 | N22: =M22*L22 -> 0 | O22: =IFERROR(N22/L22,"") | Q22: =IF(P22<>"",VLOOKUP(P22,'العملاءوالموردون والاصناف'!$I$3:$J$6,2,FALSE),"") | T22: =IF(S22<>"",VLOOKUP(S22,'العملاءوالموردون والاصناف'!$M$3:$N$6,2,FALSE),"")
E23: =IF(D23<>"",TEXT(D23,"mmmm"),"") | G23: =IF(F23<>"",VLOOKUP(F23,'العملاءوالموردون والاصناف'!$D$3:$F$6,2,FALSE),"") | H23: =IF(F23<>"",VLOOKUP(F23,'العملاءوالموردون والاصناف'!$D$3:$F$6,3,FALSE),"") | L23: =I23+J23-K23 -> 0 | N23: =M23*L23 -> 0 | O23: =IFERROR(N23/L23,"") | Q23: =IF(P23<>"",VLOOKUP(P23,'العملاءوالموردون والاصناف'!$I$3:$J$6,2,FALSE),"") | T23: =IF(S23<>"",VLOOKUP(S23,'العملاءوالموردون والاصناف'!$M$3:$N$6,2,FALSE),"")
E24: =IF(D24<>"",TEXT(D24,"mmmm"),"") | G24: =IF(F24<>"",VLOOKUP(F24,'العملاءوالموردون والاصناف'!$D$3:$F$6,2,FALSE),"") | H24: =IF(F24<>"",VLOOKUP(F24,'العملاءوالموردون والاصناف'!$D$3:$F$6,3,FALSE),"") | L24: =I24+J24-K24 -> 0 | N24: =M24*L24 -> 0 | O24: =IFERROR(N24/L24,"") | Q24: =IF(P24<>"",VLOOKUP(P24,'العملاءوالموردون والاصناف'!$I$3:$J$6,2,FALSE),"") | T24: =IF(S24<>"",VLOOKUP(S24,'العملاءوالموردون والاصناف'!$M$3:$N$6,2,FALSE),"")
I26: =SUBTOTAL(9,I5:I24) -> 0 | J26: =SUBTOTAL(9,J5:J24) -> 575 | K26: =SUBTOTAL(9,K5:K24) -> 275 | L26: =SUBTOTAL(9,L5:L24) -> 300 | N26: =SUBTOTAL(9,N5:N24) -> 77916.667 | O26: =IFERROR(N26/L26,"") -> 259.72222

Sheet العملاءوالموردون والاصناف
D3: كود الصنف | E3: اسم الصنف | F3: وحده القياس | I3: كود المورد | J3: اسم المورد | M3: اسم العميل | N3: كود العميل
D4: 10001 | E4: صنف1 | F4: متر | I4: 20002 | J4: المورد رقم1 | M4: 30001 | N4: عميل 1
D5: 10002 | E5: صنف2 | F5: كيلو | I5: 20003 | J5: المورد رقم2 | M5: 30002 | N5: عميل 2
D6: 10003 | E6: صنف3 | F6: حبه | I6: 20004 | J6: المورد رقم3 | M6: 30003 | N6: عميل 3

Sheet الايجارات
B3: الوصف | C3: المبلغ | D3: من | E3: الي | F3: 45658 | G3: 45689 | H3: 45717 | I3: 45748 | J3: 45778 | K3: 45809 | L3: 45839 | M3: 45870 | N3: 45901 | O3: 45931 | P3: 45962 | Q3: 45992 | R3: اجمالي 2025 | S3: المبتقي | T3: 46023 | U3: 46054 | V3: 46082 | W3: 46113 | X3: 46143 | Y3: 46174 | Z3: 46204 | AA3: 46235 | AB3: 46266 | AC3: 46296 | AD3: 46327 | AE3: 46357 | AF3: اجمالي 2025 | AG3: المبتقي
B4: سداد ايجار المستودع الرئيسي | C4: 60000 | D4: 45658 | E4: 31/12/2025 | F4: =$C$4/12 -> 5000 | G4: =$C$4/12 -> 5000 | H4: =$C$4/12 -> 5000 | I4: =$C$4/12 -> 5000 | J4: =$C$4/12 -> 5000 | K4: =$C$4/12 -> 5000 | L4: =$C$4/12 -> 5000 | M4: =$C$4/12 -> 5000 | ... Q4: =$C$4/12 -> 5000 | R4: =SUM(F4:Q4) -> 60000 | S4: =R4-C4 -> 0 | AF4: =SUM(T4:AE4) -> 0 | AG4: =S4-AF4 -> 0
B5: سداد ايجار معدات | C5: 75000 | D5: 45658 | E5: 31/12/2025 | F5: =$C$5/12 -> 6250 | G5: =$C$5/12 -> 6250 | H5: =$C$5/12 -> 6250 | I5: =$C$5/12 -> 6250 | J5: =$C$5/12 -> 6250 | K5: =$C$5/12 -> 6250 | L5: =$C$5/12 -> 6250 | M5: =$C$5/12 -> 6250 | ... Q5: =$C$5/12 -> 6250 | R5: =SUM(F5:Q5) -> 75000 | S5: =R5-C5 -> 0 | AF5: =SUM(T5:AE5) -> 0 | AG5: =S5-AF5 -> 0
B6: الاجمالي | C6: =C4+C5 -> 135000 | F6: =F4+F5 -> 11250 | G6: =G4+G5 -> 11250 | H6: =H4+H5 -> 11250 | I6: =I4+I5 -> 11250 | J6: =J4+J5 -> 11250 | K6: =K4+K5 -> 11250 | L6: =L4+L5 -> 11250 | M6: =M4+M5 -> 11250 | ... Q6: =Q4+Q5 -> 11250 | R6: =SUM(F6:Q6) -> 135000 | S6: =R6-C6 -> 0 | T6: =T4+T5 -> 0 | U6: =U4+U5 -> 0 | V6: =V4+V5 -> 0 | W6: =W4+W5 -> 0 | X6: =X4+X5 -> 0 | Y6: =Y4+Y5 -> 0 | Z6: =Z4+Z5 -> 0 | AA6: =AA4+AA5 -> 0 | ... AE6: =AE4+AE5 -> 0 | AF6: =SUM(T6:AE6) -> 0 | AG6: =S6-AF6 -> 0

Sheet الاهلاك
I2: 2025
B3: كود الاصل | C3: الوصف | D3: تاريخ الشراء | E3: رقم القيد | F3: معدل الاهلاك | G3: القيمه | H3: مجمع الاهلاك السابق | I3: الاهلاك السنوي | J3: مجمع الاهلاك الحالي | K3: صافي قيمه الاصل
B4: A-001 | C4: سياره رقم**** | D4: 45695 | F4: 0.2 | G4: 100000 | H4: 0 | I4: =G4*F4*6/12 -> 10000 | J4: =H4+I4 -> 10000 | K4: =G4-J4 -> 90000
B5: B-001 | C5: احهزه حاسب | D5: 15/2/2025 | F5: 0.2 | G5: 50000 | H5: 0 | I5: =G5*F5*3/12 -> 2500 | J5: =H5+I5 -> 2500 | K5: =G5-J5 -> 47500
B6: C-001 | C6: الات ومعدات | D6: 18/2/2025 | F6: 0.2 | G6: 75000 | H6: 0 | I6: =G6*F6*3/12 -> 3750 | J6: =H6+I6 -> 3750 | K6: =G6-J6 -> 71250
G7: =SUM(G4:G6) -> 225000 | H7: =SUM(H4:H6) -> 0 | I7: =SUM(I4:I6) -> 16250 | J7: =SUM(J4:J6) -> 16250 | K7: =SUM(K4:K6) -> 208750
